customerID,snapdate,y,p
9763-GRSKD,2023-02-01,0,0.5721450501638635
0565-JUPYD,2023-02-01,0,0.25401600457300677
2167-FQSTQ,2023-02-01,0,0.11141259043457606
7734-DBOAI,2023-02-01,1,0.6766472714679644
8908-NMQTX,2023-02-01,0,0.053237878944838
8200-KLNYW,2023-02-01,0,0.17303915515662466
0848-ZGQIJ,2023-02-01,0,0.710256626209768
5061-PBXFW,2023-02-01,0,0.23194783163203742
4925-LMHOK,2023-02-01,1,0.3156495312311685
0442-ZXKVS,2023-02-01,0,0.3114842733955564
1945-XISKS,2023-02-01,0,0.15748381333442754
4625-XMOYM,2023-02-01,0,0.05001326192320247
1386-ZIKUV,2023-02-01,0,0.32701217961501655
4884-TVUQF,2023-02-01,0,0.03289894211637608
2889-FPWRM,2023-02-01,1,0.28132690456902415
1852-XEMDW,2023-02-01,0,0.198745700538521
6509-TSGWN,2023-02-01,0,0.2078208216414362
8741-LQOBK,2023-02-01,0,0.3060826593212106
7036-ZZKBD,2023-02-01,0,0.22143924180774602
7813-ZGGAW,2023-02-01,0,0.6725077776694818
0373-AIVNJ,2023-02-01,0,0.2949191783892317
7762-ONLJY,2023-02-01,0,0.09004780658900931
1112-CUNAO,2023-02-01,1,0.7925506805615069
0536-ESJEP,2023-02-01,0,0.0644006763957359
3162-ZJZFU,2023-02-01,0,0.5342093656875244
6635-MYYYZ,2023-02-01,1,0.3166146912723034
5108-ADXWO,2023-02-01,1,0.812243667765363
6892-EZDTG,2023-02-01,1,0.7668058805105857
5446-DKWYW,2023-02-01,0,0.23459336173064507
0906-QVPMS,2023-02-01,0,0.03171986881682484
6483-OATDN,2023-02-01,0,0.31965334463304773
7743-EXURX,2023-02-01,1,0.6494273337641358
1703-MGIAB,2023-02-01,0,0.3028678918287471
0963-ZBDRN,2023-02-01,1,0.9154705706230157
6696-YDAYZ,2023-02-01,0,0.030244578315115404
9447-YPTBX,2023-02-01,0,0.10650401231242679
9986-BONCE,2023-02-01,1,0.2875001227581457
5699-BNCAS,2023-02-01,0,0.026943409137361485
5442-BXVND,2023-02-01,0,0.28814253466697787
6038-GCYEC,2023-02-01,1,0.7750118803896138
3724-BSCVH,2023-02-01,0,0.13574875934860378
4415-WNGVR,2023-02-01,0,0.21126508592397206
5821-MMEIL,2023-02-01,0,0.013097044206557282
6598-RFFVI,2023-02-01,1,0.2838660280980886
1099-BTKWT,2023-02-01,0,0.2925980894940123
8938-UMKPI,2023-02-01,1,0.8232709804562592
8849-PRIQJ,2023-02-01,0,0.39660225025742213
5655-JSMZM,2023-02-01,1,0.8970084032854825
6986-IXNDM,2023-02-01,0,0.9274797170869782
3727-JEZTU,2023-02-01,0,0.3708815662304002
4256-ZWTZI,2023-02-01,0,0.48821878310527755
2675-DHUTR,2023-02-01,0,0.8405219847704498
5208-FVQKB,2023-02-01,0,0.031421243883218146
4439-YRNVD,2023-02-01,0,0.6216873412283859
0187-QSXOE,2023-02-01,0,0.8635612042796622
3737-GCSPV,2023-02-01,1,0.4382480094037288
9795-VOWON,2023-02-01,0,0.40390887114737434
6101-IMRMM,2023-02-01,1,0.8644384962981325
7762-URZQH,2023-02-01,1,0.10851713975932299
1042-HFUCW,2023-02-01,0,0.10970269091208294
0625-AFOHS,2023-02-01,0,0.015833953717820943
2530-ENDWQ,2023-02-01,1,0.13416260418350479
9921-QFQUL,2023-02-01,0,0.6286775794291747
3407-QGWLG,2023-02-01,0,0.48403539844962423
6121-TNHBO,2023-02-01,0,0.15507520497430788
4609-KNNWG,2023-02-01,0,0.025054255954214216
4544-RXFMG,2023-02-01,0,0.3603262707450367
3985-HOYPM,2023-02-01,0,0.02881497250911511
0572-ZJKLT,2023-02-01,0,0.08896024887016438
0230-UBYPQ,2023-02-01,0,0.2652478240567549
1309-BXVOQ,2023-02-01,1,0.7372610024899797
1031-IIDEO,2023-02-01,1,0.9485587582988403
1226-IENZN,2023-02-01,0,0.8212416111227122
5850-BDWCY,2023-02-01,0,0.10278459596618689
4075-WKNIU,2023-02-01,0,0.030674312909473554
5161-XEUVX,2023-02-01,0,0.05793592429250615
1272-ILHFG,2023-02-01,0,0.0839052612222558
8441-SHIPE,2023-02-01,0,0.028993867339676217
7758-XKCBS,2023-02-01,1,0.8404790468145108
0531-XBKMM,2023-02-01,0,0.11170966986297609
3452-SRFEG,2023-02-01,0,0.6714220223759659
7470-DYNOE,2023-02-01,0,0.42806521996062774
2075-RMJIK,2023-02-01,0,0.4981742776102775
8083-YTZES,2023-02-01,1,0.8680963203118794
2867-UIMSS,2023-02-01,1,0.891703606854485
5222-IMUKT,2023-02-01,0,0.8840911732719883
5614-DNZCE,2023-02-01,0,0.013449208330116492
9625-QNLUX,2023-02-01,0,0.06622745465765294
6502-HCJTI,2023-02-01,1,0.6330354095356697
4625-EWPTF,2023-02-01,1,0.6980632941454907
7721-DVEKZ,2023-02-01,0,0.25258160026237986
3001-UNBTL,2023-02-01,0,0.800880614890128
2794-XIMMO,2023-02-01,1,0.3124880426284609
6682-QJDGB,2023-02-01,1,0.3895155220462488
6171-ZTVYB,2023-02-01,0,0.1474910114449776
1172-VIYBP,2023-02-01,0,0.025124951954409475
4049-ZPALD,2023-02-01,0,0.10995388477485944
0487-VVUVK,2023-02-01,0,0.43060450573014936
1320-HTRDR,2023-02-01,1,0.8224892562489979
6047-SUHPR,2023-02-01,0,0.15238945849147897
0100-DUVFC,2023-02-01,0,0.49381741950320335
7812-FZHPE,2023-02-01,1,0.25623326561122395
6252-DFGTK,2023-02-01,0,0.07739826711785719
0980-PVMRC,2023-02-01,0,0.8643374363297972
6754-WKSHP,2023-02-01,0,0.20984076400473026
0383-CLDDA,2023-02-01,0,0.06071644873707992
0856-NAOES,2023-02-01,0,0.5523933527035536
8398-TBIYD,2023-02-01,0,0.10539335757990019
2862-PFNIK,2023-02-01,0,0.7300955488685209
4853-OITSN,2023-02-01,0,0.9334932757706934
1472-TNCWL,2023-02-01,0,0.8706234833683887
3460-TJBWI,2023-02-01,0,0.015553461538987068
2027-OAQQC,2023-02-01,1,0.7647921447429655
0487-RPVUM,2023-02-01,0,0.3842201514799228
6297-NOOPG,2023-02-01,0,0.10450929649273444
9391-LMANN,2023-02-01,0,0.31951208060251846
5825-XJOCM,2023-02-01,0,0.24134965041926792
0621-TSSMU,2023-02-01,0,0.056608493889388815
2239-JALAW,2023-02-01,1,0.6855493754800299
5898-IGSLP,2023-02-01,0,0.27285946111655707
5146-CBVOE,2023-02-01,0,0.5419106874574735
7294-TMAOP,2023-02-01,1,0.8103038142764895
1271-SJBGZ,2023-02-01,1,0.7821723852590324
6166-ILMNY,2023-02-01,1,0.582043397405508
9036-CSKBW,2023-02-01,0,0.36428299488233484
0343-QLUZP,2023-02-01,0,0.06186282954408269
5859-HZYLF,2023-02-01,0,0.015954971513133423
9127-FHJBZ,2023-02-01,0,0.08294625833254494
9824-BEMCV,2023-02-01,1,0.679072479193289
6766-HFKLA,2023-02-01,0,0.05513249564292032
8780-IHCRN,2023-02-01,0,0.014269437757970552
3108-PCCGG,2023-02-01,0,0.020426380413841812
6393-WRYZE,2023-02-01,1,0.8688797748911137
0661-WCQNQ,2023-02-01,0,0.10227845134194624
4102-HLENU,2023-02-01,0,0.020500158308075854
7596-IIWYC,2023-02-01,0,0.09021670879754645
7024-OHCCK,2023-02-01,1,0.9259458122424501
6510-UPNKS,2023-02-01,0,0.07991364905472162
1735-XMJVH,2023-02-01,0,0.42586486002789475
8016-ZMGMO,2023-02-01,0,0.21154523306509024
3703-VAVCL,2023-02-01,1,0.6886928875050491
9957-YODKZ,2023-02-01,0,0.6347466535503753
3049-NDXFL,2023-02-01,1,0.8457290928309174
7131-ZQZNK,2023-02-01,0,0.039521033952804055
7706-DZNKK,2023-02-01,0,0.3027603600623781
8224-IVVPA,2023-02-01,0,0.46971221853059925
6439-GTPCA,2023-02-01,1,0.7844378879780997
3841-NFECX,2023-02-01,0,0.020554443469620168
8012-SOUDQ,2023-02-01,0,0.5701467870290227
4918-QLLIW,2023-02-01,1,0.4812306277722281
4767-HZZHQ,2023-02-01,0,0.6256545858982584
0486-HECZI,2023-02-01,1,0.6155610069291264
3780-YVMFA,2023-02-01,0,0.6628010212142301
7841-TZDMQ,2023-02-01,1,0.6225530899577466
2651-ZCBXV,2023-02-01,0,0.09818003404905211
4075-JFPGR,2023-02-01,0,0.5010663582123462
7534-BFESC,2023-02-01,1,0.7931962767313245
1098-TDVUQ,2023-02-01,0,0.45958090030881144
9385-EHGDO,2023-02-01,0,0.026416613820550078
5047-LHVLY,2023-02-01,1,0.5085601231789401
0513-RBGPE,2023-02-01,0,0.007785149585134477
3597-MVHJT,2023-02-01,0,0.7048315908457545
9063-ZGTUY,2023-02-01,1,0.47551747366552066
8592-PLTMQ,2023-02-01,0,0.1064171570060823
4933-IKULF,2023-02-01,0,0.14118496765933172
3552-CTCYF,2023-02-01,0,0.10182642507954506
4332-MUOEZ,2023-02-01,0,0.21141162476761027
8067-NIOYM,2023-02-01,0,0.004972155341006601
0619-OLYUR,2023-02-01,0,0.05504803924207215
9576-ANLXO,2023-02-01,1,0.721494360142493
5642-MHDQT,2023-02-01,0,0.0882398196929274
8262-COGGB,2023-02-01,0,0.4215391556792552
1029-QFBEN,2023-02-01,1,0.3877195549894939
6563-VRERX,2023-02-01,0,0.11163029594298321
5740-YHGTW,2023-02-01,0,0.5540924117065577
2273-QCKXA,2023-02-01,0,0.31477934685869524
3877-JRJIP,2023-02-01,1,0.6918738001067891
8129-GMVGI,2023-02-01,0,0.049816696486626635
9600-UDOPK,2023-02-01,1,0.6899193705237217
4526-ZJJTM,2023-02-01,0,0.7443702999081736
5202-IVJNU,2023-02-01,1,0.3992989929817952
5609-IMCGG,2023-02-01,0,0.4744044960817847
1169-SAOCL,2023-02-01,0,0.5362029526353128
1179-INLAT,2023-02-01,0,0.24330807906455057
6100-QQHEB,2023-02-01,1,0.915413586648122
8433-WPJTV,2023-02-01,0,0.5579159140763772
2277-DJJDL,2023-02-01,0,0.21319399008326065
1400-WIVLL,2023-02-01,0,0.15326053038846038
1732-VHUBQ,2023-02-01,1,0.6551403999090464
3707-GNWHM,2023-02-01,1,0.8894268140475228
5622-UEJFI,2023-02-01,0,0.019292929051459753
1761-AEZZR,2023-02-01,1,0.8877381540600678
0876-WDUUZ,2023-02-01,1,0.6193429153970049
7351-MHQVU,2023-02-01,0,0.39385270818718404
2386-LAHRK,2023-02-01,1,0.7041619244199522
6569-KTMDU,2023-02-01,0,0.4371960051809626
0496-AHOOK,2023-02-01,0,0.33745979156641653
9055-MOJJJ,2023-02-01,0,0.1568168494354653
6924-TDGMT,2023-02-01,0,0.20676665840968278
4132-KALRO,2023-02-01,0,0.8798278044673885
9885-CSMWE,2023-02-01,1,0.6670362744070791
5307-UVGNB,2023-02-01,0,0.6005002446933525
6435-SRWBJ,2023-02-01,0,0.6774529854280732
2815-CPTUL,2023-02-01,1,0.7337019082714267
7641-TQFHN,2023-02-01,0,0.5468660908700814
7663-RGWBC,2023-02-01,1,0.8852368935603944
7602-MVRMB,2023-02-01,0,0.1045065384480876
2143-LJULT,2023-02-01,0,0.022833357789118023
7279-BUYWN,2023-02-01,1,0.8570600803429205
3096-IZETN,2023-02-01,1,0.8317812916760132
5149-QYTTU,2023-02-01,0,0.1368239471488353
3537-RYBHH,2023-02-01,0,0.18659326929140382
3566-HJGPK,2023-02-01,0,0.656276357512933
6770-XUAGN,2023-02-01,1,0.42964266691125136
6637-KYRCV,2023-02-01,0,0.7357672250084791
5445-UTODQ,2023-02-01,1,0.8049744503516154
3074-GQWYX,2023-02-01,1,0.71167200728131
3090-LETTY,2023-02-01,0,0.5308630828511978
4872-JCVCA,2023-02-01,0,0.026786736810883702
4137-JOPHL,2023-02-01,0,0.09212102725990143
3744-ZBHON,2023-02-01,0,0.42294438604141454
5628-FCGYG,2023-02-01,0,0.8634023892459864
8220-OCUFY,2023-02-01,0,0.18047183627775307
7036-TYDEC,2023-02-01,0,0.1593435216850614
5242-UOWHD,2023-02-01,0,0.004868204063528846
0829-DDVLK,2023-02-01,0,0.15296975896675064
4140-MUHUG,2023-02-01,1,0.8594604914165407
7470-MCQTK,2023-02-01,1,0.8075092726958123
4967-WPNCF,2023-02-01,0,0.0699395522592271
1104-FEJAM,2023-02-01,0,0.6123413816481544
6993-YGFJV,2023-02-01,0,0.029452584391701866
8739-XNIKG,2023-02-01,0,0.9257378527935973
6661-EIPZC,2023-02-01,0,0.3791291863809963
1215-EXRMO,2023-03-01,0,0.025760911676336526
7321-ZNSLA,2023-03-01,0,0.019822216688189644
5730-RIITO,2023-03-01,0,0.5527669391521708
1986-PHGZF,2023-03-01,0,0.30871515369275976
2778-OCLGR,2023-03-01,1,0.5500088290963686
8979-CAMGB,2023-03-01,0,0.6182733929594589
5365-LLFYV,2023-03-01,0,0.6683045565159683
7480-QNVZJ,2023-03-01,1,0.8251070565766833
1853-UDXBW,2023-03-01,1,0.856845355084039
9300-AGZNL,2023-03-01,1,0.9356858964378243
8595-SIZNC,2023-03-01,0,0.1264673766919061
8563-IIOXK,2023-03-01,1,0.5146146701672955
5231-FIQPA,2023-03-01,0,0.009566887381769943
6133-OZILE,2023-03-01,0,0.9064657313932953
7159-NOKYQ,2023-03-01,0,0.22369898054395632
9940-RHLFB,2023-03-01,1,0.7512824711947286
7577-SWIFR,2023-03-01,0,0.9004585164211691
9840-EFJQB,2023-03-01,0,0.6636898496580326
0361-HJRDX,2023-03-01,0,0.05872035616035662
2495-KZNFB,2023-03-01,0,0.8011607398020393
5032-USPKF,2023-03-01,0,0.13160270834323146
1741-WTPON,2023-03-01,0,0.1881454595419497
4067-HLYQI,2023-03-01,0,0.6774091576932563
5600-PDUJF,2023-03-01,0,0.29231839834569867
4919-IKATY,2023-03-01,1,0.6365522593121393
9138-EFSMO,2023-03-01,0,0.499402076848923
3506-LCJDC,2023-03-01,1,0.7311688968717489
5616-PRTNT,2023-03-01,1,0.8511645343292795
4456-RHSNB,2023-03-01,0,0.5165712272981801
0508-OOLTO,2023-03-01,0,0.809162047931368
8617-ENBDS,2023-03-01,0,0.6019881909257906
1335-MXCSE,2023-03-01,0,0.01647943452768689
9862-KJTYK,2023-03-01,0,0.6851046522670783
9470-RTWDV,2023-03-01,0,0.2694194801669245
8008-OTEZX,2023-03-01,0,0.13114509755184586
6339-TBELP,2023-03-01,0,0.06417852289811585
1559-DTODC,2023-03-01,0,0.680260451023212
8868-WOZGU,2023-03-01,1,0.7618749193388861
4334-HOWRP,2023-03-01,0,0.06302349186004594
0757-WCUUZ,2023-03-01,0,0.04438674088287464
6199-IPCAO,2023-03-01,0,0.015628921376062328
0608-JDVEC,2023-03-01,0,0.04083572853766623
2748-MYRVK,2023-03-01,1,0.7521026575625412
5482-PLVPE,2023-03-01,1,0.7589290156666005
4644-OBGFZ,2023-03-01,0,0.1462824987951497
1567-DSCIC,2023-03-01,1,0.7467257931294683
5269-NRGDP,2023-03-01,0,0.2383184528726774
9135-HSWOC,2023-03-01,0,0.03946025779834657
1131-ALZWV,2023-03-01,0,0.1841962465321166
4468-YDOVK,2023-03-01,0,0.7110939179732642
0365-GXEZS,2023-03-01,0,0.4143384871650108
2830-LEWOA,2023-03-01,0,0.3939846320427075
0825-CPPQH,2023-03-01,0,0.021335854746022887
6551-VLJMV,2023-03-01,0,0.01469374590164411
6434-TTGJP,2023-03-01,0,0.06575030385181088
3803-KMQFW,2023-03-01,1,0.3589203167850194
3967-VQOGC,2023-03-01,0,0.0461626691665028
3323-CPBWR,2023-03-01,0,0.623687960292513
2378-VTKDH,2023-03-01,0,0.5518541276258119
7921-BEPCI,2023-03-01,0,0.03320159739533871
2809-ZMYOQ,2023-03-01,0,0.93777441341226
8761-NSOBC,2023-03-01,1,0.7748552980142397
0939-EREMR,2023-03-01,0,0.49260021974269863
9236-NDUCW,2023-03-01,0,0.03871081383887586
0220-EBGCE,2023-03-01,1,0.9185553032635037
9801-NOSHQ,2023-03-01,0,0.03343428395215038
7696-AMHOD,2023-03-01,0,0.1842619765155315
0489-WMEMG,2023-03-01,0,0.23497711485471254
6457-USBER,2023-03-01,1,0.8535488201350874
7957-RYHQD,2023-03-01,1,0.2539609818926074
5295-PCJOO,2023-03-01,1,0.7925798826476554
6300-BWMJX,2023-03-01,0,0.6153897776600376
0402-CQAJN,2023-03-01,1,0.8898656731993062
6976-BWGLQ,2023-03-01,0,0.011552840434187549
7921-LMDFQ,2023-03-01,0,0.6381268333377809
2595-KIWPV,2023-03-01,0,0.03847366818096895
2314-TNDJQ,2023-03-01,0,0.029993698074742853
4690-PKDQG,2023-03-01,0,0.6495557699701966
9837-FWLCH,2023-03-01,0,0.3154534220558046
0836-SEYLU,2023-03-01,1,0.5548926390397027
9412-ARGBX,2023-03-01,1,0.11912944538399688
0458-HEUZG,2023-03-01,0,0.04906747322390631
6521-YYTYI,2023-03-01,1,0.8852708715092359
7328-ZJAJO,2023-03-01,0,0.0064650483772815195
1346-PJWTK,2023-03-01,0,0.3832624800256997
8859-YSTWS,2023-03-01,0,0.20915943000343482
5286-YHCVC,2023-03-01,0,0.1936949304480687
5393-RXQSZ,2023-03-01,1,0.9260805159064818
1121-QSIVB,2023-03-01,0,0.169317321630241
6982-UQZLY,2023-03-01,1,0.3901392113214802
3312-ZWLGF,2023-03-01,0,0.38763394672284773
2325-WINES,2023-03-01,0,0.5084584218388649
8882-TLVRW,2023-03-01,0,0.032725347468832267
4583-PARNH,2023-03-01,0,0.7674801934310376
1722-LDZJS,2023-03-01,0,0.07640355031586722
1752-OZXFY,2023-03-01,0,0.16808105627692888
1534-OULXE,2023-03-01,0,0.1242817014038856
3538-WZPHD,2023-03-01,1,0.7754079658365284
0117-LFRMW,2023-03-01,1,0.39720222955837364
9355-NPPFS,2023-03-01,0,0.8513503108754544
9711-FJTBX,2023-03-01,0,0.2035287073459234
2957-JIRMN,2023-03-01,0,0.5855186413337864
9503-XJUME,2023-03-01,0,0.09697378300285557
0020-JDNXP,2023-03-01,0,0.43984574703564894
0519-XUZJU,2023-03-01,1,0.8239644047093071
4884-ZTHVF,2023-03-01,0,0.559606185224834
9526-BIHHD,2023-03-01,1,0.5800130645988234
0725-CXOTM,2023-03-01,0,0.18160504605485864
0201-MIBOL,2023-03-01,0,0.3603426959103116
7139-JZFVG,2023-03-01,0,0.005045722404649198
2259-OUUSZ,2023-03-01,0,0.16056703889642351
2282-YGNOR,2023-03-01,0,0.09626709308326849
9373-WSLOY,2023-03-01,0,0.40751202904812384
1236-WFCDV,2023-03-01,1,0.8307835974198626
9553-DLCLU,2023-03-01,0,0.031007303935632585
4835-YSJMR,2023-03-01,0,0.05799936422844944
5370-IIVVL,2023-03-01,0,0.43843661998397854
0872-JCPIB,2023-03-01,0,0.6282214221591796
2120-SMPEX,2023-03-01,0,0.387058809540391
9992-UJOEL,2023-03-01,0,0.6179157635932518
8947-YRTDV,2023-03-01,0,0.46707660653724137
1371-DWPAZ,2023-03-01,0,0.026537315156474266
3793-MMFUH,2023-03-01,1,0.9500981133601125
1131-SUEKT,2023-03-01,0,0.3531733961935368
1452-XRSJV,2023-03-01,0,0.3033670275340815
7521-YXVZY,2023-03-01,0,0.5069588329832201
2952-QAYZF,2023-03-01,1,0.7896147369486388
8898-KASCD,2023-03-01,0,0.39975540323084097
7108-DGVUU,2023-03-01,0,0.2955991808732951
3068-OMWZA,2023-03-01,1,0.8458704525742351
6022-KOUQO,2023-03-01,0,0.5932421469175844
5451-MHQOF,2023-03-01,0,0.11777127621061834
6407-UTSLV,2023-03-01,0,0.7966487146346237
1222-KJNZD,2023-03-01,0,0.3037991350731805
2511-MORQY,2023-03-01,0,0.07472831336487633
0516-VRYBW,2023-03-01,1,0.16349710515909377
6650-VJONK,2023-03-01,0,0.6892374900919257
8785-CJSHH,2023-03-01,0,0.8608312633337674
9851-KIELU,2023-03-01,1,0.7825067161554844
0727-BMPLR,2023-03-01,1,0.6168709114625739
4220-TINQT,2023-03-01,0,0.6829523637941857
7590-VHVEG,2023-03-01,0,0.6688728582615558
8865-TNMNX,2023-03-01,0,0.05799767439249037
0434-CSFON,2023-03-01,0,0.7310111948164405
5919-TMRGD,2023-03-01,1,0.8588415428717189
6380-ARCEH,2023-03-01,0,0.3192080361289312
1091-SOZGA,2023-03-01,0,0.4105041080659592
6317-YPKDH,2023-03-01,1,0.6359732271765666
9323-HGFWY,2023-03-01,0,0.18786086892667786
7273-TEFQD,2023-03-01,1,0.8673441173784028
0314-TKOSI,2023-03-01,0,0.3701504843313642
5020-ZSTTY,2023-03-01,1,0.1706812220765433
9294-TDIPC,2023-03-01,0,0.2930971416095549
5651-CRHKQ,2023-03-01,0,0.28603723008940624
2277-AXSDC,2023-03-01,0,0.2610894075746924
2233-FAGXV,2023-03-01,0,0.3920065882708418
0486-LGCCH,2023-03-01,0,0.06257784152650257
4374-YMUSQ,2023-03-01,0,0.3837182400605632
5174-ITUMV,2023-03-01,0,0.4033689799931625
6859-QNXIQ,2023-03-01,0,0.015288636677788557
4881-JVQOD,2023-03-01,0,0.8032639410837659
9574-BOSMD,2023-03-01,0,0.02161258696766243
1448-PWKYE,2023-03-01,1,0.7372566982040264
1525-LNLOJ,2023-03-01,0,0.05869048364858666
4697-LUPSU,2023-03-01,0,0.11239571511589726
5671-RQRLP,2023-03-01,0,0.06681000118832739
7554-AKDQF,2023-03-01,0,0.26351276414571245
6990-YNRIO,2023-03-01,1,0.1483992551238166
0835-DUUIQ,2023-03-01,0,0.18962867951713144
0754-EEBDC,2023-03-01,0,0.02926583289577941
2452-KDRRH,2023-03-01,0,0.696713208727299
2187-PKZAY,2023-03-01,0,0.741632319678623
6313-GIDIT,2023-03-01,1,0.6736637921529226
5590-BYNII,2023-03-01,1,0.8911162860943824
5598-IKHQQ,2023-03-01,0,0.02190528414993439
1777-JYQPJ,2023-03-01,0,0.685709434730273
7271-AJDTL,2023-03-01,0,0.14490219714363037
3148-AOIQT,2023-03-01,0,0.030980778487174634
7901-HXJVA,2023-03-01,0,0.659087749521027
2253-KPMNB,2023-03-01,0,0.0257166229513924
6734-CKRSM,2023-03-01,0,0.425403565634379
0895-DQHEW,2023-03-01,1,0.7944199479750956
8849-GYOKR,2023-03-01,1,0.5135519794612858
4183-WCSEP,2023-03-01,1,0.729871834067422
6504-VBLFL,2023-03-01,0,0.05853346999300562
2195-VVRJF,2023-03-01,0,0.30827607717600525
6015-VVHHE,2023-03-01,1,0.7105243861788931
5178-LMXOP,2023-03-01,1,0.9242276030821593
5950-AAAGJ,2023-03-01,0,0.8505786123778516
6060-QBMGV,2023-03-01,0,0.007884701276984402
5443-SCMKX,2023-03-01,0,0.5831836672560575
6036-TTFYU,2023-03-01,0,0.18096323817673027
1053-MXTTK,2023-03-01,0,0.08491467807906478
0260-ZDLGK,2023-03-01,1,0.7552405488393948
3279-DYZQM,2023-03-01,0,0.017763650925542697
7299-GNVPL,2023-03-01,0,0.3179391090355511
0519-DRGTI,2023-03-01,0,0.2792810576279479
8623-TMRBY,2023-03-01,1,0.6748202462157363
9919-FZDED,2023-03-01,0,0.04417486787750385
4623-ZKHLY,2023-03-01,0,0.23748559201827585
4890-VMUAV,2023-03-01,0,0.0997743306421603
1960-UYCNN,2023-03-01,0,0.8442700374388632
1771-OADNZ,2023-03-01,1,0.759135878830169
7020-OZKXZ,2023-03-01,0,0.6210744100355228
2546-KZAAT,2023-03-01,0,0.2420133710793896
5248-KWLAR,2023-03-01,0,0.016010333702179816
4404-HIBDJ,2023-03-01,1,0.08563339424163632
7375-WMVMT,2023-03-01,0,0.05755609806232317
3398-GCPMU,2023-03-01,0,0.02161346915875471
2754-SDJRD,2023-03-01,0,0.8406309750942849
3413-DHLPB,2023-03-01,0,0.7390425156129788
6204-IEUXJ,2023-03-01,1,0.463468323168086
3694-DELSO,2023-03-01,0,0.5080945259388228
9534-NSXEM,2023-03-01,0,0.22029427086781753
3426-NIYYL,2023-03-01,1,0.763876344398239
2346-DJQTB,2023-03-01,0,0.41750326742133803
5141-ZUVBH,2023-03-01,0,0.43512299434670204
7799-DSEWS,2023-03-01,0,0.3984594647488518
6997-UVGOX,2023-03-01,0,0.10092632189056526
7748-UMTRK,2023-03-01,0,0.8686928320531005
8178-EYZUO,2023-03-01,1,0.7124729584496902
7055-JCGNI,2023-03-01,0,0.09502650270808151
0397-GZBBC,2023-03-01,1,0.8300800272463679
2262-SLNVK,2023-03-01,0,0.877704365231586
8705-DWKTI,2023-04-01,0,0.7727323302945106
7581-EBBOU,2023-04-01,0,0.14327532259696704
6008-NAIXK,2023-04-01,0,0.6184409832068376
5458-CQJTA,2023-04-01,1,0.03872059023271312
1240-HCBOH,2023-04-01,0,0.04115300094257949
8779-YIQQA,2023-04-01,0,0.1454091630978711
9029-FEGVJ,2023-04-01,0,0.5188502737119424
1264-BYWMS,2023-04-01,1,0.8541695256057137
9837-BMCLM,2023-04-01,1,0.8127552289839873
6874-SGLHU,2023-04-01,0,0.5948120999180457
5322-TEUJK,2023-04-01,0,0.034292325631196434
8544-JNBOX,2023-04-01,0,0.03687340926824108
2911-UREFD,2023-04-01,1,0.5855919111963314
6175-IRFIT,2023-04-01,0,0.4083604541650509
9972-NKTFD,2023-04-01,0,0.25706711727988646
2664-XJZNO,2023-04-01,0,0.08004012567083274
5707-ORNDZ,2023-04-01,1,0.6868566819016495
5092-STPKP,2023-04-01,0,0.24102072144829123
7839-NUIAA,2023-04-01,0,0.1603490359961777
2626-URJFX,2023-04-01,1,0.7004685753840124
7124-UGSUR,2023-04-01,1,0.40679138316101193
0567-XRHCU,2023-04-01,0,0.17898338584262882
2599-CIPQE,2023-04-01,0,0.04914977238981434
1561-BWHIN,2023-04-01,0,0.17020128410928445
9039-RBEEE,2023-04-01,1,0.25944689863198955
7594-LZNWR,2023-04-01,0,0.6229792210511355
2277-VWCNI,2023-04-01,0,0.4870354168151865
9823-EALYC,2023-04-01,0,0.009735812812337503
5792-JALQC,2023-04-01,0,0.05040596218867018
1301-LOPVR,2023-04-01,0,0.12336668309055622
2107-FBPTK,2023-04-01,0,0.8220094405492453
8328-SKJNO,2023-04-01,0,0.18186692244565497
9822-WMWVG,2023-04-01,0,0.6718604504807877
0430-IHCDJ,2023-04-01,0,0.7138843757740141
8800-JOOCF,2023-04-01,0,0.8286038995136693
6137-NICCO,2023-04-01,0,0.680604357600891
1194-HVAIF,2023-04-01,0,0.6356018938267431
5854-KSRBJ,2023-04-01,0,0.017756332098826814
5999-LCXAO,2023-04-01,0,0.7302424682088112
6173-GOLSU,2023-04-01,0,0.6325154519331431
8430-TWCBX,2023-04-01,0,0.19419794380759417
6959-UWKHF,2023-04-01,1,0.7762430372479934
9365-CSLBQ,2023-04-01,0,0.05615293545854296
5863-OOKCL,2023-04-01,0,0.35322915388521725
5404-GGUKR,2023-04-01,0,0.7788348646350424
1915-IOFGU,2023-04-01,1,0.7774068105029283
1919-RTPQD,2023-04-01,0,0.5253952220834857
4632-XJMEX,2023-04-01,0,0.05812931433513117
2969-VAPYH,2023-04-01,0,0.054281647118535004
0769-MURVM,2023-04-01,0,0.05795097138204204
3146-JTQHR,2023-04-01,0,0.15713189817407502
6124-ACRHJ,2023-04-01,0,0.33784041284653016
9134-WYRVP,2023-04-01,0,0.4257205590021786
8972-HJWNV,2023-04-01,1,0.8140275804700575
9070-BCKQP,2023-04-01,0,0.040359834873206206
0886-QGENL,2023-04-01,1,0.568427418848571
6408-OTUBZ,2023-04-01,0,0.37807126866011365
9000-PLFUZ,2023-04-01,0,0.08706709348018382
8559-CIZFV,2023-04-01,1,0.36853824141426816
0130-SXOUN,2023-04-01,0,0.682885651440514
1354-YZFNB,2023-04-01,0,0.018542180236903103
3384-CTMSF,2023-04-01,0,0.7280563146691842
8668-KNZTI,2023-04-01,0,0.07566406916356956
0254-WWRKD,2023-04-01,0,0.09321619511220254
8413-VONUO,2023-04-01,1,0.8767223355982579
5419-JPRRN,2023-04-01,1,0.8626331810713128
6103-QCKFX,2023-04-01,0,0.28755768641723173
7233-IOQNP,2023-04-01,0,0.2596826266232212
3621-CEOVK,2023-04-01,1,0.7887789536448944
9558-IHEZX,2023-04-01,0,0.14633118117648503
4747-LCAQL,2023-04-01,0,0.55875435079483
1960-UOTYM,2023-04-01,0,0.010954328781199245
1596-OQSPS,2023-04-01,0,0.6755975064477009
5626-MGTUK,2023-04-01,0,0.67984476878415
5546-QUERU,2023-04-01,0,0.2114483458835382
1273-MTETI,2023-04-01,1,0.7873306370278645
8065-QBYTO,2023-04-01,0,0.18124750213719795
5820-PTRYM,2023-04-01,0,0.07502556634557245
9398-MMQTO,2023-04-01,0,0.5485816636384819
3454-JFUBC,2023-04-01,0,0.01222516209801008
0969-RGKCU,2023-04-01,0,0.0843514100810661
3186-AJIEK,2023-04-01,0,0.1003042844306727
3982-XWFZQ,2023-04-01,1,0.38494806423495465
7609-NRNCA,2023-04-01,0,0.03075515674354661
4523-WXCEF,2023-04-01,1,0.6986849447242177
3055-OYMSE,2023-04-01,0,0.21412506912738136
3823-KYNQY,2023-04-01,0,0.14107436071629573
8591-TKMZH,2023-04-01,0,0.11076469540591115
5366-IJEQJ,2023-04-01,1,0.7961022471546445
3049-SOLAY,2023-04-01,1,0.8693859929365927
8731-WBBMB,2023-04-01,0,0.4141125936188981
0485-ZBSLN,2023-04-01,0,0.010898349363680898
6229-UOLQL,2023-04-01,0,0.21095762156338163
5057-RKGLH,2023-04-01,0,0.031076855303997116
3563-SVYLG,2023-04-01,0,0.002558642861667114
2481-SBOYW,2023-04-01,0,0.007110095002794529
6289-CPNLD,2023-04-01,1,0.17013533293813587
3755-JBMNH,2023-04-01,1,0.599372707288159
4353-HYOJD,2023-04-01,0,0.41365567518587826
8023-QHAIO,2023-04-01,0,0.44382617996255574
2320-TZRRH,2023-04-01,0,0.20901063931235953
3841-CONLJ,2023-04-01,0,0.41415069222412315
5287-QWLKY,2023-04-01,1,0.7125088228872811
3096-JRDSO,2023-04-01,1,0.7494126823858078
5135-GRQJV,2023-04-01,0,0.08459427096952134
1421-HCERK,2023-04-01,0,0.42292891427922646
2971-SGAFL,2023-04-01,0,0.5995056916791125
9584-EXCDZ,2023-04-01,0,0.4066349379812354
7240-ETPTR,2023-04-01,1,0.8030219336878976
3721-CNZHX,2023-04-01,0,0.14194113252992088
5025-GOOKI,2023-04-01,0,0.24929250689835353
4750-UKWJK,2023-04-01,0,0.06128668576164719
4391-RESHN,2023-04-01,1,0.8730085057985566
6738-ISCBM,2023-04-01,0,0.5935278589035271
4951-UKAAQ,2023-04-01,1,0.8981737605686868
1837-YQUCE,2023-04-01,0,0.07359161220506723
8120-JDCAM,2023-04-01,0,0.6531790830571761
8242-SOQUO,2023-04-01,0,0.5330378087933804
7296-PIXQY,2023-04-01,0,0.681097579465132
1730-VFMWO,2023-04-01,0,0.2528266109051838
2460-NGXBJ,2023-04-01,0,0.7114867611301254
9359-UGBTK,2023-04-01,0,0.20848424517418543
3164-YAXFY,2023-04-01,0,0.7370855358407796
3927-NLNRY,2023-04-01,1,0.690154361414655
9091-WTUUY,2023-04-01,0,0.009351775064364621
0668-OGMHD,2023-04-01,0,0.461674832327414
6625-UTXEW,2023-04-01,0,0.3523918065779229
2483-XSSMZ,2023-04-01,0,0.31973384732755505
3230-IUALN,2023-04-01,0,0.07566876714421034
2017-CCBLH,2023-04-01,0,0.04312450661153879
2568-BRGYX,2023-04-01,1,0.9014178699494061
6240-EURKS,2023-04-01,1,0.9277639017946364
3870-SPZSI,2023-04-01,0,0.03142919277012264
9290-SHCMB,2023-04-01,0,0.8455619955537413
5724-BIDBU,2023-04-01,0,0.22490138007382365
9798-OPFEM,2023-04-01,0,0.09093811728066145
8259-NFJTV,2023-04-01,0,0.40107489214020925
5127-BZENZ,2023-04-01,0,0.18502694360391073
6032-KRXXO,2023-04-01,1,0.764227376867528
2361-UPSND,2023-04-01,0,0.132926301498167
0114-RSRRW,2023-04-01,0,0.36809495434047734
0947-MUGVO,2023-04-01,1,0.7784468947231924
1038-ZAGBI,2023-04-01,1,0.36704923777266296
7975-TZMLR,2023-04-01,0,0.17576442482376048
3668-QPYBK,2023-04-01,1,0.5610408730970871
0526-SXDJP,2023-04-01,0,0.06735932165002839
2828-SLQPF,2023-04-01,0,0.2504028448366964
7123-WQUHX,2023-04-01,0,0.38187118660644176
0404-SWRVG,2023-04-01,1,0.8373796806303826
4482-EWFMI,2023-04-01,0,0.7876143752119502
9367-WXLCH,2023-04-01,1,0.8285403427821073
6469-MRVET,2023-04-01,0,0.05846120903622095
7576-ASEJU,2023-04-01,0,0.08169277545440556
8705-WZCYL,2023-04-01,0,0.7719297376519607
7520-HQWJU,2023-04-01,0,0.3335978912580665
0104-PPXDV,2023-04-01,0,0.12436889747129272
0979-PHULV,2023-04-01,1,0.6760203312844437
7663-ZTEGJ,2023-04-01,0,0.2638727068032507
0206-TBWLC,2023-04-01,0,0.17764662000613402
0880-TKATG,2023-04-01,1,0.7628217034222076
2865-TCHJW,2023-04-01,1,0.8329258898718256
1096-ADRUX,2023-04-01,0,0.4352461205034151
4851-BQDNX,2023-04-01,0,0.7584547266793192
0970-ETWGE,2023-04-01,1,0.8407805332150345
3030-ZKIWL,2023-04-01,0,0.36968875433898163
4952-YSOGZ,2023-04-01,1,0.7866271234899821
5138-WVKYJ,2023-04-01,1,0.7873276920277705
0285-INHLN,2023-04-01,0,0.17963360178617852
8859-AXJZP,2023-04-01,0,0.043549930811031805
1498-DQNRX,2023-04-01,0,0.1986203400244998
2058-DCJBE,2023-04-01,1,0.7411431950223537
9191-MYQKX,2023-04-01,1,0.6380005237707165
9470-XCCEM,2023-04-01,0,0.5401504262059676
2195-ZRVAX,2023-04-01,1,0.7912910080365131
9462-MJUAW,2023-04-01,1,0.616196559311746
1942-OQFRW,2023-04-01,0,0.4590026906803858
4635-EJYPD,2023-04-01,0,0.02598786767944188
3948-KXDUF,2023-04-01,0,0.019616178227196947
8929-KSWIH,2023-04-01,0,0.12152839734201196
3001-CBHLQ,2023-04-01,1,0.8935366882481216
9170-GYZJC,2023-04-01,1,0.16854113345525978
5027-QPKTE,2023-04-01,1,0.7567353755787175
6652-YFFJO,2023-04-01,0,0.8419271393416825
1658-TJVOA,2023-04-01,0,0.8191348468085141
3348-CFRNX,2023-04-01,1,0.7016322202928066
5310-NOOVA,2023-04-01,0,0.042627127310012544
3237-AJGEH,2023-04-01,1,0.728277838491878
5266-PFRQK,2023-04-01,0,0.10296502683706814
9513-DXHDA,2023-04-01,0,0.35900015018457854
8070-AAWZP,2023-04-01,0,0.4810680598413222
3401-URHDA,2023-04-01,0,0.11583866880554422
0516-WJVXC,2023-04-01,1,0.4793396332519479
6429-SHBCB,2023-04-01,0,0.6251367308279921
6568-POCUI,2023-04-01,0,0.10042487996311057
6817-WTYHE,2023-04-01,0,0.41973300037258987
0330-BGYZE,2023-04-01,0,0.25134999323388096
6285-FTQBF,2023-04-01,0,0.015236249304157871
4423-YLHDV,2023-04-01,1,0.7139817703413329
5315-CKEQK,2023-04-01,0,0.14873017474401257
1135-HIORI,2023-04-01,0,0.21951536094260551
3658-KIBGF,2023-04-01,1,0.4853014402692249
0277-ORXQS,2023-04-01,0,0.10860607815377053
7145-FEJWU,2023-04-01,0,0.8485176029843562
0523-VNGTF,2023-04-01,0,0.4019728782474401
5832-EXGTT,2023-04-01,0,0.4662458108522632
1951-IEYXM,2023-04-01,0,0.017270461342313283
8201-AAXCB,2023-04-01,0,0.5828503597870494
3511-APPBJ,2023-04-01,0,0.2618915962628878
0017-DINOC,2023-04-01,0,0.0718827832105296
5989-PGKJB,2023-04-01,0,0.7945951169249487
7361-YPXFS,2023-04-01,0,0.36103256935887296
4123-FCVCB,2023-04-01,0,0.34411051365610407
4223-BKEOR,2023-04-01,0,0.22858487429496022
6635-CPNUN,2023-04-01,0,0.5657696738399742
6959-GQEGV,2023-04-01,0,0.6956633935560174
8378-LKJAF,2023-04-01,0,0.694289776805813
0661-KBKPA,2023-04-01,0,0.23911675520597916
2530-FMFXO,2023-04-01,0,0.21578259763447966
9588-OZDMQ,2023-04-01,0,0.5253566600639197
2585-KTFRE,2023-04-01,0,0.713924998423609
9603-OAIHC,2023-04-01,0,0.6195866607610913
8623-ULFNQ,2023-04-01,0,0.6829675213105767
1552-AAGRX,2023-04-01,0,0.6884471663382377
1306-RPWXZ,2023-04-01,0,0.019018160588123674
7579-KKLOE,2023-04-01,0,0.09038295873560856
1587-FKLZB,2023-04-01,1,0.5458933108243178
3378-AJRAO,2023-04-01,0,0.05129571269139187
7623-HKYRK,2023-04-01,0,0.5685210766157054
0137-UDEUO,2023-05-01,1,0.4869571237592317
7465-ZZRVX,2023-05-01,0,0.8999599184527739
8327-WKMIE,2023-05-01,0,0.15923249865913916
0318-QUUOB,2023-05-01,1,0.8189637567321884
4877-EVATK,2023-05-01,1,0.43028124795311606
7524-VRLPL,2023-05-01,0,0.006794170195514792
6305-YLBMM,2023-05-01,1,0.5673081530707298
2962-XPMCQ,2023-05-01,1,0.567303667322292
1622-HSHSF,2023-05-01,0,0.5379511179483002
5734-EJKXG,2023-05-01,0,0.4407569481142454
9475-NNDGC,2023-05-01,0,0.13345338322650782
5177-RVZNU,2023-05-01,0,0.35185430590222955
0114-PEGZZ,2023-05-01,0,0.7064976236296975
5378-IKEEG,2023-05-01,1,0.86548540042894
3943-KDREE,2023-05-01,1,0.7892572682734699
5236-XMZJY,2023-05-01,0,0.3224102157667579
2067-QYTCF,2023-05-01,0,0.6862557278651481
9927-DSWDF,2023-05-01,0,0.6962472777770581
1078-TDCRN,2023-05-01,0,0.647531930442851
6135-OZQVA,2023-05-01,0,0.47952740754910544
4729-XKASR,2023-05-01,1,0.6324582886148403
7570-WELNY,2023-05-01,0,0.06263042361918658
3339-EAQNV,2023-05-01,0,0.3723701062346545
3682-YEUWS,2023-05-01,0,0.36174559647391225
0374-AACSZ,2023-05-01,0,0.535180350006891
8642-GVWRF,2023-05-01,1,0.5573574616562003
4282-ACRXS,2023-05-01,0,0.7486995162117205
2842-BCQGE,2023-05-01,0,0.6159611106942237
9040-KZVWO,2023-05-01,0,0.4782117996761173
4958-XCBDQ,2023-05-01,1,0.8321699398006224
6402-EJMWF,2023-05-01,0,0.6979173549881739
3594-UVONA,2023-05-01,1,0.2093711234608154
4817-VYYWS,2023-05-01,1,0.8482860585096379
4803-LBYPN,2023-05-01,0,0.09017235937284988
4537-CIBHB,2023-05-01,0,0.2555794448930073
2632-IVXVF,2023-05-01,0,0.05129073204760643
5884-FBCTL,2023-05-01,0,0.03106253524317167
1307-ATKGB,2023-05-01,0,0.8339697041667882
5803-NQJZO,2023-05-01,0,0.016127059500524885
2126-GSEGL,2023-05-01,0,0.04299568212846543
3345-PBBFH,2023-05-01,0,0.42358325807241265
3452-GWUIN,2023-05-01,0,0.6865767366477079
7181-OQCUT,2023-05-01,0,0.844668020250999
7030-FZTFM,2023-05-01,0,0.07917760653945016
0495-ZBNGW,2023-05-01,1,0.5554016206565127
7602-DBTOU,2023-05-01,0,0.02005466803615482
8818-DOPVL,2023-05-01,0,0.8880483549916328
8189-XRIKE,2023-05-01,0,0.8051664530822783
9732-OUYRN,2023-05-01,0,0.04643767193771813
2200-DSAAL,2023-05-01,0,0.2156730632576502
1329-VHWNP,2023-05-01,0,0.5382651696327055
9233-PSYHO,2023-05-01,0,0.4340626287289882
7568-PODML,2023-05-01,1,0.864161147637477
9309-BZGNT,2023-05-01,0,0.2842890337033328
2330-PQGDQ,2023-05-01,0,0.21271957803450586
5331-RGMTT,2023-05-01,0,0.7473182119023472
2578-JQPHZ,2023-05-01,0,0.13992079319682235
2754-XBHTB,2023-05-01,1,0.8530489435791913
9717-IOAAF,2023-05-01,0,0.03177865018802014
1952-DVVSW,2023-05-01,0,0.29230095131923967
1428-IEDPR,2023-05-01,0,0.21042945300895297
6034-ZRYCV,2023-05-01,1,0.40003354155669335
6302-JGYRJ,2023-05-01,1,0.7295583942475132
6110-OHIHY,2023-05-01,1,0.8308906366652873
6661-HBGWL,2023-05-01,1,0.6647796463428004
2159-TURXX,2023-05-01,0,0.2798399902693805
6340-DACFT,2023-05-01,0,0.013345525723311566
9888-ZCUMM,2023-05-01,0,0.06013008392224883
6500-JVEGC,2023-05-01,0,0.3427754364447501
9546-KDTRB,2023-05-01,0,0.6831467164181895
8444-WRIDW,2023-05-01,1,0.46762849023086617
6897-UUBNU,2023-05-01,0,0.4999839680689173
7384-GHBPI,2023-05-01,1,0.876316806634408
1264-FUHCX,2023-05-01,0,0.33268072738456594
6447-GORXK,2023-05-01,0,0.3813048614940965
7398-LXGYX,2023-05-01,0,0.5245154134576897
6257-RJOHI,2023-05-01,0,0.5947045989797438
3058-WQDRE,2023-05-01,0,0.7531099909781582
7153-CHRBV,2023-05-01,0,0.1384474236040536
5119-KEPFY,2023-05-01,0,0.7451485586557915
5095-AESKG,2023-05-01,1,0.7716084972339484
3317-HRTNN,2023-05-01,1,0.8767237311546154
6078-VESFR,2023-05-01,0,0.5058357271340461
9050-QLROH,2023-05-01,1,0.813141433019058
3137-LUPIX,2023-05-01,0,0.6840030038716839
8910-ICHIU,2023-05-01,0,0.3922458722206653
6435-VWCCY,2023-05-01,0,0.05598152971295411
1833-TCXKK,2023-05-01,0,0.702456226900551
3458-IDMFK,2023-05-01,0,0.414292149877733
4419-UJMUS,2023-05-01,0,0.17299425188485398
6330-JKLPC,2023-05-01,1,0.5588453392932998
9432-VOFYX,2023-05-01,0,0.7467104975241722
6233-HXJMX,2023-05-01,0,0.666911868602007
4462-CYWMH,2023-05-01,0,0.13167708464525646
0875-CABNR,2023-05-01,1,0.8354499729750495
0193-ESZXP,2023-05-01,1,0.21779729401803186
0168-XZKBB,2023-05-01,0,0.8064949835183052
1371-WEPDS,2023-05-01,0,0.23408727299879326
0716-BQNDX,2023-05-01,0,0.13701256833260084
1555-HAPSU,2023-05-01,0,0.01259729445754228
4785-QRJHC,2023-05-01,1,0.5488749237228029
2236-HILPA,2023-05-01,0,0.030648068126842197
5995-OIGLP,2023-05-01,1,0.6502198346941107
9185-TQCVP,2023-05-01,1,0.7951767392001623
6736-DHUQI,2023-05-01,0,0.28069425637182477
9444-JTXHZ,2023-05-01,1,0.7802023226571679
9313-CDOGY,2023-05-01,0,0.34291344472050606
7267-FRMJW,2023-05-01,0,0.035580646006448474
7820-ZYGNY,2023-05-01,0,0.6095974189496322
9117-SHLZX,2023-05-01,1,0.5347560300539422
3800-LYTRK,2023-05-01,0,0.1550306894031892
9170-ARBTB,2023-05-01,0,0.054686395523211626
0841-NULXI,2023-05-01,1,0.8867482134575798
4782-OSFXZ,2023-05-01,0,0.0565486016252899
6791-YBNAK,2023-05-01,0,0.7576303866015003
2223-KAGMX,2023-05-01,1,0.2025619538306033
6244-BESBM,2023-05-01,0,0.1779699406424269
0031-PVLZI,2023-05-01,1,0.3266244617458819
4704-ERYFC,2023-05-01,1,0.5311550988504197
7560-QRBXH,2023-05-01,0,0.07003966471731943
5514-YQENT,2023-05-01,0,0.19787143767733306
1656-DRSMG,2023-05-01,0,0.44848065529332554
3794-NFNCH,2023-05-01,0,0.45437150870449605
2660-EMUBI,2023-05-01,1,0.9305044454363353
6265-SXWBU,2023-05-01,0,0.07666413363795588
3331-HQDTW,2023-05-01,1,0.7709065035581164
4422-QVIJA,2023-05-01,0,0.44878500678609295
0107-YHINA,2023-05-01,1,0.7955975817697665
8952-WCVCD,2023-05-01,0,0.2886105969837926
5687-DKDTV,2023-05-01,1,0.3321347467253466
1265-HVPZB,2023-05-01,0,0.14477279690811537
7105-MXJLL,2023-05-01,0,0.29916050997261856
0379-DJQHR,2023-05-01,0,0.052254748809644556
5170-PTRKA,2023-05-01,0,0.23177485226862832
4124-MMETB,2023-05-01,1,0.7680791486301333
4335-BSMJS,2023-05-01,0,0.02350161643496468
6322-HRPFA,2023-05-01,0,0.18021465519608387
0318-ZOPWS,2023-05-01,0,0.033878747873083766
2907-ILJBN,2023-05-01,0,0.15636196077691775
1918-ZBFQJ,2023-05-01,1,0.7259184788392978
9142-KZXOP,2023-05-01,0,0.12909176303438172
5961-VUSRV,2023-05-01,0,0.16471468912122006
1950-KSVVJ,2023-05-01,0,0.2023680283209673
2240-HSJQD,2023-05-01,0,0.8324401598234632
8626-PTQGE,2023-05-01,0,0.08373993238899842
5924-SNGKP,2023-05-01,0,0.07687813131592662
3583-KRKMD,2023-05-01,0,0.5766518211658651
3143-ILDAL,2023-05-01,1,0.7670698255221069
6583-SZVGP,2023-05-01,0,0.56374203537198
5949-XIKAE,2023-05-01,1,0.7873627067381501
5736-YEJAX,2023-05-01,0,0.03371814684992144
2817-NTQDO,2023-05-01,1,0.5606014467412614
7319-VENRZ,2023-05-01,0,0.3517249858867923
2393-DIVAI,2023-05-01,0,0.24279588065472826
2731-GJRDG,2023-05-01,0,0.47028612146811394
1009-IRMNA,2023-05-01,1,0.459962312638959
8404-VLQFB,2023-05-01,0,0.3268975117992899
8755-OGKNA,2023-05-01,0,0.02925922694574741
1456-TWCGB,2023-05-01,0,0.5632262678270628
7969-FFOWG,2023-05-01,0,0.00510913265525324
5495-GPSRW,2023-05-01,0,0.05169305385379586
1845-CSBRZ,2023-05-01,0,0.7753992829011972
4080-IIARD,2023-05-01,0,0.2095491547965336
4373-MAVJG,2023-05-01,1,0.6696906011622513
9640-ZSLDC,2023-05-01,0,0.15089493696009978
4636-TVXVG,2023-05-01,0,0.12664903501930558
7295-JOMMD,2023-05-01,1,0.7207335706129252
6158-DWPZT,2023-05-01,1,0.3908886114499631
1564-HJUVY,2023-05-01,0,0.6824946956584462
5311-IHLEI,2023-05-01,0,0.567728975434394
6765-MBQNU,2023-05-01,0,0.07569306664356679
3801-HMYNL,2023-05-01,1,0.9195337256959366
8735-NBLWT,2023-05-01,0,0.4215945570764604
5692-FPTAH,2023-05-01,1,0.9512034937447297
7855-DIWPO,2023-05-01,0,0.8455310178283223
2603-HVKCG,2023-05-01,0,0.8160280561026194
6772-WFQRD,2023-05-01,0,0.24306448018175494
7966-YOTQW,2023-05-01,0,0.48867543760475673
6818-DJXAA,2023-05-01,0,0.6780105124384429
7586-ZATGZ,2023-05-01,0,0.8213030218871576
6347-DCUIK,2023-05-01,1,0.8026502601775818
4585-HETAI,2023-05-01,1,0.751634806749281
6693-DJWTY,2023-05-01,0,0.22075319384187173
4112-LUEIZ,2023-05-01,1,0.8966277256298457
0410-IPFTY,2023-05-01,0,0.7494136408834415
3678-MNGZX,2023-05-01,0,0.02304700223365649
0420-BWTPW,2023-05-01,1,0.7647381876356448
5440-VHLUL,2023-05-01,0,0.5039137573334328
6242-SGYTS,2023-05-01,0,0.36285760797926203
4706-AXVKM,2023-05-01,1,0.5753106370224511
0820-FNRNX,2023-05-01,0,0.5349360600920735
8565-CLBZW,2023-05-01,1,0.8565636284536159
8272-ONJLV,2023-05-01,0,0.5564058643903249
9552-TGUZV,2023-05-01,0,0.6520319417122117
7061-OVMIM,2023-05-01,0,0.034240459972830005
1084-UQCHV,2023-05-01,1,0.765842444117904
3106-ULWFW,2023-05-01,1,0.8203887619027871
7802-EFKNY,2023-05-01,1,0.674887486983142
2011-TRQYE,2023-05-01,1,0.6251694242720964
5453-YBTWV,2023-05-01,0,0.05656283553477789
4695-WJZUE,2023-05-01,1,0.8655679369013086
2659-VXMWZ,2023-05-01,1,0.671206699220698
2528-HFYZX,2023-05-01,1,0.6341272418613054
1763-WQFUK,2023-05-01,0,0.7332625688471979
8963-JLGJT,2023-05-01,0,0.5229947951686297
0866-QLSIR,2023-05-01,1,0.14609128914291042
8433-WXGNA,2023-05-01,1,0.7789320116399814
6476-EPYZR,2023-05-01,0,0.233343468909168
2609-IAICY,2023-05-01,1,0.857069145108835
5236-PERKL,2023-05-01,1,0.26911629491615113
6481-ESCNL,2023-05-01,0,0.796243834877862
2573-GYRUU,2023-05-01,0,0.6385256997472821
4559-UWIHT,2023-05-01,0,0.5889639222397226
9796-MVYXX,2023-05-01,0,0.016329948714864442
8402-EIVQS,2023-05-01,0,0.3293302547785734
5197-PYEPU,2023-05-01,0,0.1686538903322197
4693-VWVBO,2023-06-01,0,0.47755838506597476
9274-UARKJ,2023-06-01,0,0.8314559380424771
9647-ERGBE,2023-06-01,1,0.737712797183997
8746-OQQRW,2023-06-01,0,0.5053062850633462
2211-RMNHO,2023-06-01,0,0.10947639870643827
9499-XPZXM,2023-06-01,0,0.18141103594292168
9068-FHQHD,2023-06-01,0,0.0394893188262432
5985-TBABQ,2023-06-01,0,0.45154119051343317
7486-KSRVI,2023-06-01,1,0.48860771415866705
9509-MPYOD,2023-06-01,0,0.2215073830431451
8294-UIMBA,2023-06-01,0,0.5414957593673445
5480-TBGPH,2023-06-01,1,0.5736623141512137
2360-RDGRO,2023-06-01,0,0.6805113296641573
2436-QBZFP,2023-06-01,0,0.6830906896764184
5884-GCYMI,2023-06-01,1,0.7819784323728052
7912-SYRQT,2023-06-01,1,0.6494459847200458
0708-SJDIS,2023-06-01,0,0.3792482014339382
3955-JBZZM,2023-06-01,0,0.7392641755513418
6925-BAYGL,2023-06-01,0,0.029986608986858048
4879-GZLFH,2023-06-01,0,0.7717314749947956
7269-JISCY,2023-06-01,0,0.24088185759465217
6374-AFWOX,2023-06-01,0,0.022523986495728548
8849-AYPTR,2023-06-01,0,0.900088585266514
0420-TXVSG,2023-06-01,0,0.018910195660708725
6904-JLBGY,2023-06-01,0,0.1041587276504373
9896-UYMIE,2023-06-01,0,0.5653681398150888
3489-HHPFY,2023-06-01,0,0.6556438030379355
7813-TKCVO,2023-06-01,0,0.10723515653835423
8443-ZRDBZ,2023-06-01,1,0.8823811654116067
1508-DFXCU,2023-06-01,0,0.8570627245906387
9306-CPCBC,2023-06-01,1,0.6848116679625318
7691-KGKGP,2023-06-01,0,0.2652416477711935
8285-ABVLB,2023-06-01,0,0.003871274606009568
6704-UTUKK,2023-06-01,0,0.7697514428581722
2860-RANUS,2023-06-01,1,0.6893636179694926
0618-XWMSS,2023-06-01,1,0.5388438852776309
8570-KLJYJ,2023-06-01,0,0.1596708957537197
5502-RLUYV,2023-06-01,1,0.6432409834697308
1485-YDHMM,2023-06-01,0,0.4969508847157739
3160-TYXLT,2023-06-01,0,0.6712951756058289
6248-BSHKG,2023-06-01,0,0.1451046135728605
1768-HNVGJ,2023-06-01,0,0.4418315851320736
9031-ZVQPT,2023-06-01,0,0.06043764010055258
7629-WFGLW,2023-06-01,0,0.022689767885940463
2157-MXBJS,2023-06-01,1,0.5466632209993211
2692-PFYTJ,2023-06-01,0,0.3324484520268936
3740-RLMVT,2023-06-01,0,0.1133855662770043
9019-QVLZD,2023-06-01,1,0.932145056436073
9208-OLGAQ,2023-06-01,0,0.7180639582010198
0096-BXERS,2023-06-01,0,0.14275133771251255
4676-WLUHT,2023-06-01,0,0.10804373065902784
1676-MQAOA,2023-06-01,0,0.02595514026706872
2446-BEGGB,2023-06-01,1,0.8281563065977503
8486-AYEQH,2023-06-01,0,0.8585494692146415
0298-XACET,2023-06-01,0,0.022123955233130488
2478-EEWWM,2023-06-01,0,0.7670199126889847
7254-IQWOZ,2023-06-01,1,0.8638188268062117
7016-BPGEU,2023-06-01,1,0.7949850952853036
0520-FDVVT,2023-06-01,1,0.6646892027782667
8969-PRHFK,2023-06-01,0,0.12503592345168688
2978-XXSOG,2023-06-01,0,0.3560099331716553
5702-KVQRD,2023-06-01,0,0.06085220458738935
5474-LAMUQ,2023-06-01,0,0.20592569461457955
6253-GNHWH,2023-06-01,0,0.014749562102145817
1173-XZPYF,2023-06-01,0,0.7521902135291306
6365-HITVU,2023-06-01,0,0.022146144889313657
9003-CPATH,2023-06-01,0,0.8327214117056849
3259-KNMRR,2023-06-01,0,0.16197400204557078
3541-ZNUHK,2023-06-01,0,0.532667237172176
0270-THENM,2023-06-01,0,0.00822028274005798
6848-HJTXY,2023-06-01,0,0.013460067810521791
1304-SEGFY,2023-06-01,0,0.22558044056812604
4616-ULAOA,2023-06-01,0,0.06535072694568027
5392-AKEMH,2023-06-01,0,0.6740232161596712
7164-BPTUT,2023-06-01,0,0.0913560468873865
0666-UXTJO,2023-06-01,0,0.6118939619449413
5288-AHOUP,2023-06-01,0,0.819129740182006
8224-UAXBZ,2023-06-01,0,0.515298815505497
4299-SIMNS,2023-06-01,0,0.7658436184949928
9894-EZEWG,2023-06-01,1,0.7106023589048459
4476-OSWTN,2023-06-01,0,0.3068236510822619
2144-BFDSO,2023-06-01,0,0.7155268762835821
3327-YBAKM,2023-06-01,0,0.35865169328085056
9095-HFAFX,2023-06-01,1,0.6800855737646719
1310-QRITU,2023-06-01,0,0.5888429250119529
1114-CENIM,2023-06-01,1,0.4923306418011203
2892-GESUL,2023-06-01,0,0.02698145631473447
2308-STERM,2023-06-01,0,0.396251414744449
1493-AMTIE,2023-06-01,1,0.47913029691616754
2087-QAREY,2023-06-01,0,0.4010125985866799
5666-MBJPT,2023-06-01,0,0.08823091101915272
1813-JYWTO,2023-06-01,0,0.057613766390760705
9251-AWQGT,2023-06-01,0,0.07679663913344696
5937-EORGB,2023-06-01,0,0.6079077176512181
4057-FKCZK,2023-06-01,0,0.13087265085260152
7048-GXDAY,2023-06-01,0,0.7438839291113949
2642-DTVCO,2023-06-01,1,0.8423716426345641
2338-BQEZT,2023-06-01,0,0.35950018183696875
2296-DKZFP,2023-06-01,0,0.05996889321575505
2931-FSOHN,2023-06-01,0,0.49706820836898225
1522-VVDMG,2023-06-01,1,0.4771061799279303
9835-ZIITK,2023-06-01,1,0.6643358266172258
4903-UYAVB,2023-06-01,1,0.8095331645057655
8111-RKSPX,2023-06-01,1,0.7675487386132928
5696-JVVQY,2023-06-01,0,0.02392853213664475
6878-GGDWG,2023-06-01,0,0.25313570275647485
6900-PXRMS,2023-06-01,1,0.7340973792156684
3486-NPGST,2023-06-01,0,0.17900966190291687
4194-WHFCB,2023-06-01,0,0.6254274009705514
1271-UODNO,2023-06-01,0,0.039507436907311344
6870-ZWMNX,2023-06-01,0,0.0283891742510267
1346-UFHAX,2023-06-01,0,0.5248999274648828
4468-KAZHE,2023-06-01,0,0.7984585848890104
9897-KXHCM,2023-06-01,1,0.8520906526953896
1543-LLLFT,2023-06-01,0,0.4102738402903423
4030-VPZBD,2023-06-01,1,0.6680965197210832
6248-TKCQV,2023-06-01,0,0.07537989743945184
5624-RYAMH,2023-06-01,0,0.5007056998361153
1839-FBNFR,2023-06-01,0,0.07023349018487703
0471-LVHGK,2023-06-01,1,0.47625439925182506
5223-UZAVK,2023-06-01,0,0.41673748219451984
1621-YNCJH,2023-06-01,0,0.057459405219426406
7905-NJMXS,2023-06-01,0,0.31524579513758255
9651-GTSAQ,2023-06-01,1,0.5095130418624605
2003-CKLOR,2023-06-01,1,0.739623090224421
2812-REYAT,2023-06-01,0,0.07496267217110085
6311-UEUME,2023-06-01,1,0.778821250170953
2307-FYNNL,2023-06-01,0,0.15231567257207315
5922-ABDVO,2023-06-01,1,0.6913358207752471
1927-QEWMY,2023-06-01,0,0.00663787239356156
8356-WUAOJ,2023-06-01,0,0.5196838870927316
3050-GBUSH,2023-06-01,0,0.652119497870171
3221-CJMSG,2023-06-01,0,0.30717264744950584
2382-BCKQJ,2023-06-01,1,0.7895020189248674
5173-WXOQV,2023-06-01,0,0.44458542152846925
9501-UKKNL,2023-06-01,0,0.6250097311787742
3655-SNQYZ,2023-06-01,0,0.06746754275118076
1658-BYGOY,2023-06-01,1,0.9499039986532932
2673-CXQEU,2023-06-01,0,0.7240380373280203
8637-XJIVR,2023-06-01,1,0.6410945783590786
7799-LGRDP,2023-06-01,0,0.017807623298638112
1744-JHKYS,2023-06-01,0,0.2626079914317575
2604-IJPDU,2023-06-01,0,0.5346864901138231
1251-KRREG,2023-06-01,1,0.5920109073592976
4111-BNXIF,2023-06-01,0,0.10919871308267254
5027-YOCXN,2023-06-01,0,0.29295080584822314
4572-DVCGN,2023-06-01,1,0.8509349347375617
7156-MXBJE,2023-06-01,0,0.08001272634603775
2977-CEBSX,2023-06-01,0,0.033581265488209666
2320-SLKMB,2023-06-01,0,0.35094410042662394
8313-NDOIA,2023-06-01,0,0.6989747435422463
2359-KMGLI,2023-06-01,1,0.7334406550209033
5348-CAGXB,2023-06-01,0,0.7106575662647855
7207-RMRDB,2023-06-01,1,0.8403512548991696
5183-SNMJQ,2023-06-01,0,0.7276780110183809
2480-JZOSN,2023-06-01,0,0.39008156218737117
5575-TPIZQ,2023-06-01,0,0.4557064069068005
6683-VLCTZ,2023-06-01,1,0.8776727519795035
4250-WAROZ,2023-06-01,0,0.7646970778011812
7297-DVYGA,2023-06-01,0,0.11220921344167105
9052-VKDUW,2023-06-01,0,0.6409191599532802
8000-REIQB,2023-06-01,1,0.7954647521043239
8922-NPKBJ,2023-06-01,0,0.01980187810817996
7446-SFAOA,2023-06-01,0,0.18636398906706284
0301-FIDRB,2023-06-01,0,0.02756452476747
9435-JMLSX,2023-06-01,0,0.02156128057569264
4626-GYCZP,2023-06-01,1,0.949519749762512
2209-XADXF,2023-06-01,0,0.5760562248512636
0617-FHSGK,2023-06-01,1,0.49576566127809574
5569-IDSEY,2023-06-01,0,0.5398267746029205
0315-LVCRK,2023-06-01,0,0.7824091170696709
4703-MQYKT,2023-06-01,0,0.10055667732596937
0570-BFQHT,2023-06-01,0,0.7777123949999278
5387-ASZNZ,2023-06-01,0,0.3483775425571939
3481-JHUZH,2023-06-01,0,0.5444139371542625
1245-HARPS,2023-06-01,0,0.013274158707519948
4900-MSOMT,2023-06-01,0,0.008517148205666888
9817-APLHW,2023-06-01,0,0.5070887818126789
8871-JLMHM,2023-06-01,0,0.05643304118638646
3642-BYHDO,2023-06-01,0,0.0987005618385863
6794-HKIAJ,2023-06-01,0,0.3681077606222826
1625-JAIIY,2023-06-01,1,0.5031638891196011
4988-IQIGL,2023-06-01,1,0.828609412647558
5206-HPJKM,2023-06-01,0,0.3703922902407173
3612-YUNGG,2023-06-01,0,0.05340805405949318
6331-EWIEB,2023-06-01,1,0.8071773429038916
4825-XJGDM,2023-06-01,0,0.14198557781702437
0772-GYEQQ,2023-06-01,1,0.815988612610105
4822-NGOCH,2023-06-01,1,0.8095273627740702
8100-HZZLJ,2023-06-01,0,0.5764695018128343
0709-TVGUR,2023-06-01,1,0.7374673271739193
1216-BGTSP,2023-06-01,0,0.38355964785211505
7901-TBKJX,2023-06-01,0,0.9157868346121478
9300-RENDD,2023-06-01,1,0.9206601463183123
8984-HPEMB,2023-06-01,0,0.09832047713541744
4010-YLMVT,2023-06-01,0,0.6064206560312091
7927-AUXBZ,2023-06-01,1,0.6454469211648872
4312-GVYNH,2023-06-01,0,0.020322075395386063
9917-KWRBE,2023-06-01,0,0.061924978227309184
7180-PISOG,2023-06-01,1,0.8675758404242181
2672-DZUOY,2023-06-01,1,0.8445524221677894
9891-NQDBD,2023-06-01,0,0.027508984458895335
0013-SMEOE,2023-06-01,0,0.16522370905390554
5468-BPMMO,2023-06-01,0,0.20384173689865728
2577-GVSIL,2023-06-01,0,0.3024998983572653
9565-DJPIB,2023-06-01,1,0.6504337790211576
9953-ZMKSM,2023-06-01,0,0.04123436350984634
9297-EONCV,2023-06-01,0,0.043906696617603796
1265-BCFEO,2023-06-01,0,0.04451304294218864
0484-JPBRU,2023-06-01,0,0.3368450337932695
1849-RJYIG,2023-06-01,0,0.5755737900935514
8869-LIHMK,2023-06-01,0,0.05651188477609772
6188-UXBBR,2023-06-01,0,0.015717378984991922
5186-PEIZU,2023-06-01,0,0.3453014681253568
5176-OLSKT,2023-07-01,0,0.025717964015234712
3244-CQPHU,2023-07-01,0,0.14189480150608522
6217-TOWGS,2023-07-01,0,0.3794885127680244
3639-XJHKQ,2023-07-01,0,0.44431011651546126
1619-YWUBB,2023-07-01,0,0.02296901799512857
4077-HWUYD,2023-07-01,0,0.05579070799535671
3428-XZMAZ,2023-07-01,1,0.8059045446776774
3750-CKVKH,2023-07-01,1,0.6383585023325854
2432-TFSMK,2023-07-01,0,0.3189970035376991
9800-ONTFE,2023-07-01,0,0.756702379237248
9128-CPXKI,2023-07-01,0,0.17528802677857763
9518-IMLHK,2023-07-01,0,0.14040446687347358
8109-YUOHE,2023-07-01,0,0.15065610938360097
3807-BPOMJ,2023-07-01,0,0.5670547249555931
0584-BJQGZ,2023-07-01,0,0.31457785823316825
8714-EUHJO,2023-07-01,1,0.8018766694652163
3521-MNKLV,2023-07-01,0,0.42994452501759345
3420-YJLQT,2023-07-01,0,0.8238209726253006
3898-GUYTS,2023-07-01,0,0.4164447561477255
3217-FZDMN,2023-07-01,1,0.747421691864521
3557-HTYWR,2023-07-01,0,0.029140433188526015
1644-IRKSF,2023-07-01,1,0.7311195384614614
3295-YVUSR,2023-07-01,0,0.6686369209489276
8413-YNHNV,2023-07-01,0,0.019570989066807327
0018-NYROU,2023-07-01,0,0.46576299704861984
4489-SNOJF,2023-07-01,1,0.5282893690089367
3756-VNWDH,2023-07-01,0,0.42621592347314785
2542-HYGIQ,2023-07-01,0,0.2372884787806164
0128-MKWSG,2023-07-01,0,0.44465902691664905
5201-FRKKS,2023-07-01,0,0.40097121531503976
7587-RZNME,2023-07-01,1,0.6596167909560754
2254-DLXRI,2023-07-01,0,0.8037594361996954
3656-TKRVZ,2023-07-01,1,0.5582763013492991
8707-RMEZH,2023-07-01,0,0.19084973642814063
4039-PIMHX,2023-07-01,0,0.010070038354863711
2364-UFROM,2023-07-01,0,0.12466156914191572
8614-VGMMV,2023-07-01,1,0.6968634831452469
4304-XUMGI,2023-07-01,0,0.08217094532777419
7392-YYPYJ,2023-07-01,0,0.9320879401226779
8207-VVMYB,2023-07-01,0,0.058333222057199444
8590-OHDIW,2023-07-01,0,0.12605114752223498
7750-EYXWZ,2023-07-01,0,0.24233088706065897
1395-WSWXR,2023-07-01,0,0.034616778320389424
4054-CUMIA,2023-07-01,0,0.38129827888796114
3329-WDIOK,2023-07-01,1,0.8657281460081676
1325-USMEC,2023-07-01,0,0.056308943125816864
0829-XXPLX,2023-07-01,0,0.702197577849405
2466-FCCPT,2023-07-01,0,0.10099428319194952
2465-BLLEU,2023-07-01,0,0.25191007946111454
4685-TFLLS,2023-07-01,0,0.09272947874409919
6963-KQYQB,2023-07-01,0,0.021021807220501575
2990-IAJSV,2023-07-01,0,0.04132177099643066
5600-KTXFM,2023-07-01,0,0.6889252511638233
0786-IVLAW,2023-07-01,0,0.2003164013791583
1471-GIQKQ,2023-07-01,0,0.5052699075107815
7025-IWFHT,2023-07-01,0,0.11997207664937812
3190-ITQXP,2023-07-01,0,0.08959373402989575
0118-JPNOY,2023-07-01,0,0.5363320560761413
0475-RIJEP,2023-07-01,1,0.7483084730167481
2988-QRAJY,2023-07-01,0,0.23437727165669148
7162-WPHPM,2023-07-01,0,0.020799468115773743
3751-KTZEL,2023-07-01,1,0.8320218020929776
4023-RTIQM,2023-07-01,0,0.2332228863750157
1302-TPUBN,2023-07-01,0,0.04794048158877624
7560-QJAVJ,2023-07-01,0,0.050266196213189465
9174-IHETN,2023-07-01,0,0.047661229996080606
1177-XZBJL,2023-07-01,0,0.04988553682678071
2474-BRUCM,2023-07-01,1,0.714865577705516
6876-ADESB,2023-07-01,1,0.7036449207476839
3439-GVUSX,2023-07-01,0,0.6344579287823378
0661-KQHNK,2023-07-01,0,0.041203632810948985
9600-NAXZN,2023-07-01,1,0.8584188928122789
4566-NECEV,2023-07-01,0,0.7888206653317107
9850-OWRHQ,2023-07-01,1,0.6424158099006093
8450-JOVAH,2023-07-01,1,0.6042741310967261
2446-PLQVO,2023-07-01,1,0.8232746918525478
4534-WGCIR,2023-07-01,0,0.017739673753134306
3085-QUOZK,2023-07-01,1,0.5795375593457991
2451-YMUXS,2023-07-01,0,0.022475666258836766
9605-WGJVW,2023-07-01,0,0.7192315069727464
2580-ATZSQ,2023-07-01,0,0.09498020321615758
4250-ZBWLV,2023-07-01,1,0.35014667107139985
5656-JAMLX,2023-07-01,0,0.029368617195507648
1527-SXDPN,2023-07-01,1,0.21471034525673077
9441-QHEVC,2023-07-01,0,0.28612054229544165
9229-RQABD,2023-07-01,0,0.13155170088390744
5627-TVBPP,2023-07-01,0,0.42505453024148865
8961-QDZZJ,2023-07-01,0,0.644102700346504
7246-ZGQDF,2023-07-01,0,0.766422451701719
8718-PTMEZ,2023-07-01,1,0.7266540295152035
6060-DRTNL,2023-07-01,1,0.8096801492925239
6923-EFPNL,2023-07-01,1,0.47912872042527466
5364-EVNIB,2023-07-01,1,0.7543317504971178
9103-CXVOK,2023-07-01,0,0.4006373258898573
3034-ZBEQN,2023-07-01,1,0.1581886975325651
0156-FVPTA,2023-07-01,1,0.32657053145634113
6349-JDHQP,2023-07-01,0,0.016346853345367677
4291-TPNFG,2023-07-01,0,0.015381804402154916
8571-ZCMCX,2023-07-01,0,0.08098604217199264
0374-IOEGQ,2023-07-01,0,0.5194464496943689
2862-JVEOY,2023-07-01,0,0.12757740807012352
4844-JJWUY,2023-07-01,1,0.7241351454403111
1635-NZATJ,2023-07-01,0,0.014280880426457195
5183-KLYEM,2023-07-01,0,0.06596233547133055
9418-RUKPH,2023-07-01,0,0.04984706396505784
3640-PHQXK,2023-07-01,1,0.9484498159934955
6907-CQGPN,2023-07-01,0,0.2485151114228043
8903-XEBGX,2023-07-01,0,0.6725533884667088
5578-NKCXI,2023-07-01,0,0.34685064020932543
0701-TJSEF,2023-07-01,0,0.4185176971881643
8380-MQINP,2023-07-01,0,0.02941992278315155
2040-OBMLJ,2023-07-01,0,0.2331837554991138
6275-YDUVO,2023-07-01,1,0.8942415216575117
8184-WMOFI,2023-07-01,0,0.05290029538984611
8374-UULRV,2023-07-01,0,0.034792614083730945
8975-SKGRX,2023-07-01,0,0.08615132374162396
5709-LVOEQ,2023-07-01,0,0.0489508822116904
5875-YPQFJ,2023-07-01,1,0.8886969122576012
6941-PMGEP,2023-07-01,1,0.9098998938846464
6621-NRZAK,2023-07-01,0,0.013658460318101698
0621-CXBKL,2023-07-01,0,0.02456652363592952
3992-YWPKO,2023-07-01,1,0.6972364772943842
0455-ENTCR,2023-07-01,0,0.032368434326217436
0040-HALCW,2023-07-01,0,0.016162547710744317
7005-CYUIL,2023-07-01,0,0.05730114270903587
3733-LSYCE,2023-07-01,0,0.6290344277411181
0196-JTUQI,2023-07-01,0,0.6148485741418723
9518-RWHZL,2023-07-01,1,0.4663862936538017
4859-ZSRDZ,2023-07-01,0,0.07844910386474284
9546-CQJSU,2023-07-01,1,0.8154779911463089
3473-XIIIT,2023-07-01,1,0.9038796584412148
5067-DGXLL,2023-07-01,0,0.3712550636669908
3195-TQDZX,2023-07-01,0,0.29799626757298836
2882-WDTBA,2023-07-01,0,0.031702021291063295
5730-DBDSI,2023-07-01,0,0.11014446456204235
6647-ZEDXT,2023-07-01,0,0.22148353995399717
0114-IGABW,2023-07-01,0,0.08463682267272737
2324-AALNO,2023-07-01,0,0.17341777304475053
9629-NHXFW,2023-07-01,0,0.17547404285555124
6047-YHPVI,2023-07-01,1,0.8555916903384257
8769-KKTPH,2023-07-01,0,0.37751005144163946
6416-JNVRK,2023-07-01,0,0.3549708032446186
9803-FTJCG,2023-07-01,0,0.03182665081249919
7850-VWJUU,2023-07-01,0,0.7442899352261906
2656-FMOKZ,2023-07-01,1,0.6884271864941099
9178-JHUVJ,2023-07-01,0,0.028516357674887687
9286-BHDQG,2023-07-01,0,0.029363455627090484
7017-VFHAY,2023-07-01,0,0.07124936629816535
4484-GLZOU,2023-07-01,1,0.7019779919741883
3186-BAXNB,2023-07-01,1,0.731416650597875
6556-DBKZF,2023-07-01,0,0.1268443686829878
3351-NGXYI,2023-07-01,0,0.4617258869232019
6158-HDPXZ,2023-07-01,0,0.6608909082866378
4980-URKXC,2023-07-01,0,0.135861475854991
5149-CUZUJ,2023-07-01,0,0.31648988871973743
3780-DDGSE,2023-07-01,0,0.5322602712396349
4134-BSXLX,2023-07-01,0,0.22865507069583524
3482-ABPKK,2023-07-01,0,0.16522652526756834
5150-LJNSR,2023-07-01,0,0.25663220433259715
8208-EUMTE,2023-07-01,0,0.05638040375118169
7954-MLBUN,2023-07-01,0,0.10059982628616622
8100-PNJMH,2023-07-01,0,0.01770464641841988
3973-SKMLN,2023-07-01,0,0.00899653897188301
0993-OSGPT,2023-07-01,0,0.059351635796404144
0078-XZMHT,2023-07-01,0,0.08951400995381174
6518-PPLMZ,2023-07-01,0,0.041865351684167176
5837-LXSDN,2023-07-01,0,0.13653766451370433
7593-JNWRU,2023-07-01,1,0.5970428635861026
1872-EBWSC,2023-07-01,0,0.16383351241034955
7883-ROJOC,2023-07-01,0,0.28033806142695455
0924-BJCRC,2023-07-01,0,0.5761338803421099
5624-BQSSA,2023-07-01,1,0.4668733505463325
7503-QQRVF,2023-07-01,1,0.45257898791531687
6988-CJEYV,2023-07-01,0,0.8418306099133462
2740-TVLFN,2023-07-01,0,0.717011028591742
6746-WAUWT,2023-07-01,0,0.11194309613543162
3352-ALMCK,2023-07-01,0,0.8704697689042471
1074-AMIOH,2023-07-01,0,0.7280048737526995
5649-RXQTV,2023-07-01,0,0.8481777006154007
4484-CGXFK,2023-07-01,1,0.8717609942312095
0263-FJTQO,2023-07-01,0,0.00854176048945028
4250-FDVOU,2023-07-01,1,0.5654786197138197
3911-RSNHI,2023-07-01,0,0.06596349336442435
9391-DXGGG,2023-07-01,0,0.3747667326873818
9467-ROOLM,2023-07-01,0,0.5131007560320182
4393-OBCRR,2023-07-01,0,0.08190422994899818
5402-HTOTQ,2023-07-01,0,0.36193099484645935
2229-VWQJH,2023-07-01,0,0.2404697024634378
7321-VGNKU,2023-07-01,0,0.622725261465295
9139-TWBAS,2023-07-01,0,0.08594455573121945
6620-JDYNW,2023-07-01,0,0.40400147447283197
8245-UMPYT,2023-07-01,1,0.8750911772090686
4139-JPIAM,2023-07-01,0,0.5581850917708832
9497-QCMMS,2023-07-01,1,0.8336581715748171
7551-JOHTI,2023-07-01,1,0.4010071387890303
9135-MGVPY,2023-07-01,0,0.049747432481371506
2474-LCNUE,2023-07-01,0,0.5085689276004527
6365-MTGZX,2023-07-01,1,0.8596262925351208
4510-PYUSH,2023-07-01,1,0.26520746357304453
3946-JEWRQ,2023-07-01,0,0.5812046514975131
2239-CGBUZ,2023-07-01,0,0.07668742987180552
8861-HGGKB,2023-07-01,1,0.8301004952443262
8775-ERLNB,2023-07-01,0,0.775252692841975
7228-PAQPD,2023-07-01,0,0.18169424441983115
4349-GFQHK,2023-07-01,1,0.6821484996456189
1379-FRVEB,2023-07-01,0,0.8033256547470369
0761-AETCS,2023-07-01,1,0.5237926252145801
2737-YNGYW,2023-07-01,1,0.6455875156418439
5968-HYJRZ,2023-07-01,0,0.023554336967788046
6360-SVNWV,2023-07-01,0,0.4622134295420951
8982-NHAVY,2023-07-01,0,0.20424899673195582
4083-BFNYK,2023-07-01,0,0.3254980875793781
3211-ILJTT,2023-07-01,1,0.7003905320054098
3450-WXOAT,2023-07-01,0,0.4958038579155315
4706-DGAHW,2023-07-01,0,0.6932588661097387
3420-ZDBMA,2023-07-01,0,0.7149058070207734
2626-VEEWG,2023-07-01,0,0.01882486715694034
9367-OIUXP,2023-07-01,0,0.32395488746223605
8189-HBVRW,2023-07-01,0,0.6364118632171359
1582-RAFML,2023-08-01,1,0.44727867127453685
6654-QGBZZ,2023-08-01,0,0.325138688131798
9356-AXGMP,2023-08-01,0,0.1948744481813462
8443-WVPSS,2023-08-01,1,0.8153463980826307
0129-KPTWJ,2023-08-01,0,0.7111527393702217
0345-HKJVM,2023-08-01,1,0.8373682258699245
9470-YFUYI,2023-08-01,0,0.1554551376133071
3440-JPSCL,2023-08-01,1,0.9046685389148037
0471-ARVMX,2023-08-01,0,0.3104486706233284
6344-SFJVH,2023-08-01,0,0.6858749793958153
5944-UGLLK,2023-08-01,0,0.20699479550002292
6743-HHQPF,2023-08-01,0,0.3919053716092532
4973-RLZVI,2023-08-01,0,0.06872220478882793
5018-HEKFO,2023-08-01,0,0.6089018957906518
0930-EHUZA,2023-08-01,0,0.1297920458284639
6527-PZFPV,2023-08-01,0,0.1334269910375354
4816-JBHOV,2023-08-01,1,0.6147398003449112
2073-QBVBI,2023-08-01,0,0.18686388365541434
8943-URTMR,2023-08-01,1,0.8887996083457669
7354-OIJLX,2023-08-01,0,0.7283958418489954
8314-HTWVE,2023-08-01,0,0.2242626512366406
5317-FLPJF,2023-08-01,0,0.12730820391073686
5840-NVDCG,2023-08-01,0,0.04248745141452837
7566-DSRLQ,2023-08-01,0,0.09073783097582738
6029-WTIPC,2023-08-01,1,0.9002108364080024
1100-DDVRV,2023-08-01,0,0.8787745438063282
2533-TIBIX,2023-08-01,0,0.7410439618298533
0575-CUQOV,2023-08-01,0,0.3287668056381021
6656-JWRQX,2023-08-01,0,0.4864109180979344
7611-YKYTC,2023-08-01,0,0.5137413430496598
7647-GYYKX,2023-08-01,0,0.03493032199520852
4083-EUGRJ,2023-08-01,1,0.42236957743312475
8450-LUGUK,2023-08-01,0,0.0295264302558734
0655-YDGFJ,2023-08-01,0,0.3079251524843705
8601-QACRS,2023-08-01,1,0.5716388486832982
9504-YAZWB,2023-08-01,0,0.028787591486564353
3932-CMDTD,2023-08-01,1,0.37097724663075493
3675-EQOZA,2023-08-01,0,0.3503719279926364
3871-IKPYH,2023-08-01,1,0.7526059175821944
5712-VBOXD,2023-08-01,0,0.238038578204249
4778-IZARL,2023-08-01,0,0.057967358984174974
6023-GSSXW,2023-08-01,0,0.0456718309364533
6937-GCDGQ,2023-08-01,0,0.29227562288444414
9473-CBZOP,2023-08-01,0,0.27104934634403716
3470-BTGQO,2023-08-01,0,0.5060011305901151
5934-RMPOV,2023-08-01,0,0.9182501507330754
8107-KNCIM,2023-08-01,0,0.7262428643069475
6715-OFDBP,2023-08-01,1,0.8022137516355935
9732-EQMWY,2023-08-01,0,0.8043796699810863
5955-EPOAZ,2023-08-01,0,0.448689981044831
5808-TOTXO,2023-08-01,0,0.08881094269185472
2674-MLXMN,2023-08-01,0,0.4900483713841897
7998-ZLXWN,2023-08-01,0,0.22718525922893587
8212-CRQXP,2023-08-01,0,0.7263664012889763
7663-YJHSN,2023-08-01,0,0.035899179620587016
0515-YPMCW,2023-08-01,1,0.8088777414234662
1685-VAYJF,2023-08-01,0,0.45546423195530383
1213-NGCUN,2023-08-01,1,0.4477393156962086
7746-AWNQW,2023-08-01,0,0.4695452778003309
1460-UZPRJ,2023-08-01,0,0.007995356724744818
0864-FVJNJ,2023-08-01,0,0.24929873630180865
7493-TPUWZ,2023-08-01,1,0.8908253188936958
2696-ECXKC,2023-08-01,0,0.2891210403536907
8079-XRJRS,2023-08-01,1,0.21028751037712454
7851-FLGGQ,2023-08-01,1,0.7564151416864453
9776-CLUJA,2023-08-01,1,0.6187893178188801
2995-YWTCD,2023-08-01,0,0.0614658051126795
4062-HBMOS,2023-08-01,0,0.4491836991583564
9332-GYWLO,2023-08-01,0,0.5146832136859717
1444-VVSGW,2023-08-01,1,0.15892816020267617
8709-KRDVL,2023-08-01,0,0.8910963430256669
6953-PBDIN,2023-08-01,0,0.01699177038579457
4195-SMMNX,2023-08-01,1,0.4012802960633601
0048-PIHNL,2023-08-01,0,0.18553545578239194
3768-NLUBH,2023-08-01,1,0.7386456868410158
9488-FYQAU,2023-08-01,0,0.09469094357416163
5294-CDGWY,2023-08-01,1,0.35566952365302673
9572-WUKSB,2023-08-01,0,0.7622300490527121
4707-MAXGU,2023-08-01,0,0.011647266808009227
4501-EQDRN,2023-08-01,1,0.9392050974439325
2363-BJLSL,2023-08-01,0,0.44977919318836374
3914-FDRHP,2023-08-01,0,0.7915557901454755
2843-CQMEG,2023-08-01,0,0.6293379273340921
2523-EWWZL,2023-08-01,0,0.7732374066537341
4807-IZYOZ,2023-08-01,0,0.03806467369558827
2569-WGERO,2023-08-01,0,0.060985194824931796
1442-BQPVU,2023-08-01,0,0.5695489390949647
7153-OANIO,2023-08-01,1,0.7979995458185196
1599-MMYRQ,2023-08-01,0,0.3641085464625189
1260-TTRXI,2023-08-01,1,0.7382611091154243
8313-KTIHG,2023-08-01,0,0.8142630459725164
2379-ENZGV,2023-08-01,1,0.7445410501233104
7000-WCEVQ,2023-08-01,1,0.7405744833532922
7614-QVWQL,2023-08-01,1,0.5462715144718293
7472-EQOAV,2023-08-01,0,0.36265957887542205
8029-XYPWT,2023-08-01,0,0.055054163527795075
6918-UMQCG,2023-08-01,0,0.6208606866246238
4163-HFTUK,2023-08-01,0,0.11311742277525254
4423-JWZJN,2023-08-01,0,0.24074336732057341
3096-GKWEB,2023-08-01,0,0.6667251935957695
2896-TBNBE,2023-08-01,0,0.7046986371518799
1984-FCOWB,2023-08-01,1,0.24499950106274368
8169-SAEJD,2023-08-01,0,0.0360775089241706
1169-WCVAK,2023-08-01,0,0.3673450200165159
4361-JEIVL,2023-08-01,1,0.7122372685889133
2969-QWUBZ,2023-08-01,0,0.8521968757555297
0378-NHQXU,2023-08-01,1,0.6891122489606702
5383-MMTWC,2023-08-01,1,0.8737414611138303
6877-LGWXO,2023-08-01,1,0.7450961411090444
3462-BJQQA,2023-08-01,0,0.7916569274252818
4482-FTFFX,2023-08-01,0,0.4230053803148604
7537-CBQUZ,2023-08-01,0,0.7260359403057163
4003-FUSHP,2023-08-01,0,0.3544547110971904
8085-MSNLK,2023-08-01,0,0.0883043138082625
3308-DGHKL,2023-08-01,0,0.04178920301226232
0870-VEMYL,2023-08-01,1,0.5313187768469898
6776-TLWOI,2023-08-01,1,0.27229736507150293
6705-LNMDD,2023-08-01,0,0.2632855725722858
7011-CVEUC,2023-08-01,0,0.45918723802444583
3346-BRMIS,2023-08-01,1,0.7834381403700502
0748-RDGGM,2023-08-01,1,0.42927492491869784
0678-RLHVP,2023-08-01,0,0.1780232247144406
6400-BWQKW,2023-08-01,1,0.7556896127219211
8388-FYNPZ,2023-08-01,0,0.5379623843373077
1374-DMZUI,2023-08-01,1,0.8118508050366571
9361-YNQWJ,2023-08-01,0,0.25318801144419506
1624-WOIWJ,2023-08-01,1,0.8134519160764725
4361-BKAXE,2023-08-01,1,0.7185049804493913
4607-CHPCA,2023-08-01,1,0.7676959716189551
0831-JNISG,2023-08-01,0,0.01709994979467977
5268-DSMNQ,2023-08-01,0,0.2666299697233686
8944-AILEF,2023-08-01,0,0.10836417779602171
2788-CJQAQ,2023-08-01,0,0.1799156172243491
7876-AEHIG,2023-08-01,0,0.41090416622715453
4821-WQOYN,2023-08-01,0,0.025131502908958995
9277-JOOMO,2023-08-01,0,0.2841281943885191
6265-FRMTQ,2023-08-01,0,0.04466137315235353
7130-YXBRO,2023-08-01,0,0.5994279327123524
3071-MVJCD,2023-08-01,0,0.030043817839582387
8714-CTZJW,2023-08-01,0,0.7877598408708042
5651-WYIPH,2023-08-01,0,0.3353375448286796
1666-JZPZT,2023-08-01,0,0.4439679530805818
5469-CTCWN,2023-08-01,1,0.6645397486486975
3128-YOVTD,2023-08-01,0,0.3447553541236533
4672-FOTSD,2023-08-01,0,0.45611689411935114
4939-KYYPY,2023-08-01,0,0.4611212825570324
4163-KIUHY,2023-08-01,0,0.1735621044028263
6198-ZFIOJ,2023-08-01,0,0.5560388626308136
3283-WCWXT,2023-08-01,0,0.030010657367731848
2207-NHRJK,2023-08-01,1,0.6448080711576116
0036-IHMOT,2023-08-01,0,0.3208581972248906
9959-WOFKT,2023-08-01,0,0.14767748910060172
6572-ADKRS,2023-08-01,0,0.5676178519779361
2045-BMBTJ,2023-08-01,0,0.08678820631685778
5590-ZSKRV,2023-08-01,0,0.18217183418704133
0278-YXOOG,2023-08-01,1,0.5610484420606571
5299-RULOA,2023-08-01,1,0.8487377063689273
3774-VBNXY,2023-08-01,0,0.017323856859148824
2749-CTKAJ,2023-08-01,0,0.1818192765271172
2070-FNEXE,2023-08-01,1,0.7503066724142643
0230-WEQUW,2023-08-01,0,0.051963672564742165
6655-LHBYW,2023-08-01,0,0.2901580582093476
3179-GBRWV,2023-08-01,0,0.5133746594525761
6982-SSHFK,2023-08-01,1,0.65106058752098
6851-WEFYX,2023-08-01,0,0.7859588010312243
0942-KOWSM,2023-08-01,0,0.03367291579084248
4431-EDMIQ,2023-08-01,0,0.4560001200431603
6705-LXORM,2023-08-01,0,0.6770416481868227
1154-HYWWO,2023-08-01,0,0.04669263967165933
8270-RKSAP,2023-08-01,0,0.796552308362229
2077-DDHJK,2023-08-01,0,0.011442712155445229
7838-LAZFO,2023-08-01,0,0.11274337313232544
0822-GAVAP,2023-08-01,1,0.7945242522133102
2521-NPUZR,2023-08-01,0,0.038454301015236045
0030-FNXPP,2023-08-01,0,0.7185762650942978
7314-OXENN,2023-08-01,1,0.8753860858401309
6286-ZHAOK,2023-08-01,0,0.47016399539291526
8984-EYLLL,2023-08-01,0,0.13444526868048942
3795-GWTRD,2023-08-01,0,0.007862702181407234
5067-XJQFU,2023-08-01,0,0.6132638761396944
5663-QBGIS,2023-08-01,0,0.03244835741051745
0244-LGNFY,2023-08-01,0,0.024470956523612492
5074-FBGHB,2023-08-01,0,0.46323158982276
0197-PNKNK,2023-08-01,0,0.2385824487546126
6023-YEBUP,2023-08-01,1,0.9424755940916664
8234-GSZYK,2023-08-01,0,0.019331085814802678
2181-TIDSV,2023-08-01,0,0.03815074551718882
5312-IRCFR,2023-08-01,0,0.36506890967478284
2674-MIAHT,2023-08-01,0,0.9010509019729146
5906-BFOZT,2023-08-01,0,0.2311623703026366
1891-FZYSA,2023-08-01,1,0.7308721277614275
1402-PTHGN,2023-08-01,0,0.026531775689476223
8512-WIWYV,2023-08-01,0,0.09058530028898973
6461-SZMCV,2023-08-01,0,0.03649266735724012
7319-ZNRTR,2023-08-01,0,0.12348871957879429
1814-WFGVS,2023-08-01,0,0.042442453522142445
3523-QRQLL,2023-08-01,1,0.37902180015146836
3594-IVHJZ,2023-08-01,0,0.4679204719542839
6734-JDTTV,2023-08-01,0,0.015606746372939516
5482-VXSXJ,2023-08-01,0,0.7641720740384633
4323-ELYYB,2023-08-01,0,0.0572154603691816
9194-GFVOI,2023-08-01,0,0.0332617727877862
6685-GBWJZ,2023-08-01,0,0.04328702438530536
0840-DFEZH,2023-08-01,0,0.8518031276700272
2696-RZVZW,2023-08-01,0,0.015242305263137967
9799-CAYJJ,2023-08-01,0,0.8204343844411442
2155-AMQRX,2023-08-01,0,0.2947055162556756
9844-FELAJ,2023-08-01,0,0.5295948602764947
2608-BHKFN,2023-08-01,1,0.7437202012623917
2746-DIJLO,2023-08-01,0,0.16715379070243222
4910-GMJOT,2023-08-01,1,0.9442196799788749
5945-AZYHT,2023-08-01,0,0.1717097093428735
7776-QWNFX,2023-08-01,1,0.5100754624376371
3219-JQRSL,2023-08-01,0,0.06391851729949803
0854-UYHZD,2023-08-01,0,0.014565224746440402
5619-PTMIK,2023-08-01,0,0.43276021877695947
0266-CLZKZ,2023-08-01,0,0.04793190054577015
8309-IEYJD,2023-08-01,0,0.7571856781067205
2189-UXTKY,2023-08-01,1,0.6120408962780072
3177-LASXD,2023-08-01,1,0.803811690688605
8087-LGYHQ,2023-08-01,0,0.9192283779807797
4139-DETXS,2023-08-01,0,0.05745920986394885
1784-EZDKJ,2023-08-01,0,0.5469028450661142
2878-RMWXY,2023-08-01,0,0.09403553613458966
7873-CVMAW,2023-08-01,0,0.021002620060555467
2054-PJOCK,2023-08-01,0,0.14886848859102184
5186-SAMNZ,2023-08-01,1,0.49305337133353216
8548-AWOFC,2023-08-01,0,0.46676826583146486
5702-SKUOB,2023-08-01,0,0.21181051100642317
1212-GLHMD,2023-08-01,0,0.9172714403413158
5198-EFNBM,2023-08-01,0,0.25347627417278923
0567-GGCAC,2023-08-01,0,0.4064391116105134
1349-WXNGG,2023-08-01,1,0.44446208074719606
3722-WPXTK,2023-08-01,1,0.92661936140346
6770-UAYGJ,2023-08-01,0,0.1884158307476886
4307-KWMXE,2023-08-01,0,0.4658174069422622
3870-MQAMG,2023-08-01,1,0.43768431553895154
4612-THJBS,2023-08-01,1,0.6241218574229197
9251-WNSOD,2023-08-01,0,0.23333236734353693
